1381017600,122.0,122.0,122.0,122.0,0.1,1
1381104000,123.61,123.61,123.61,123.61,0.1,1
1381190400,123.91,124.19,123.9,124.18,3.9916,4
1381276800,124.01687,124.01687,123.84,123.84,2.823,3
1381363200,125.85,125.86,125.85,125.86,2.0,2
1381536000,127.5,127.5,127.0,127.0,4.0,3
1381622400,131.8408,131.8408,131.8408,131.8408,0.1,1
1381708800,134.8,135.59,133.36726,135.59,12.00575337,11
1381795200,135.8,153.0,133.87975,133.87975,4.3,5
1381881600,143.0,146.14,137.63758,138.09,20.229,17
1381968000,137.62448,144.73,137.52,143.79522,5.777,6
1382054400,146.2399,153.80147,146.2399,149.04856,23.551,23
1382140800,157.74,171.25,157.64,165.56,72.545,66
1382227200,166.52626,166.52626,162.981,162.981,4.8484180299999995,5
1382313600,165.0,176.65277,165.0,176.32429,18.30269,19
1382400000,181.97,194.2,150.0,150.0,7.375876859999999,7
1382486400,191.62198,203.45,185.90287,203.45,39.22,39
1382572800,203.67412,207.30246,169.9201,193.0999,83.72097523000001,90
1382659200,172.27,186.8,171.97,186.0499,67.2,39
1382745600,185.8,185.8,179.8656,184.58,11.0,10
1382832000,182.3,191.3,179.23624,191.0,69.90738999999999,51
1383004800,195.0,195.0,195.0,195.0,0.62564102,1
1383091200,195.0,203.94,195.0,203.77,9.722748979999999,12
1383177600,199.0,202.27,199.0,202.1,2.26,6
1383264000,203.59999,207.96822,202.9,202.9,33.98053314000004,117
1383350400,202.68,204.24,201.04,203.51,7.0555555499999985,13
1383436800,204.662,209.748,203.47,209.748,9.585259419999993,120
1383523200,209.748,229.97,209.4001,226.9001,71.17542107999982,484
1383609600,227.39493,250.14053,222.05236,244.95532,25.221364060000052,309
1383696000,245.69019,269.42566,245.69019,263.73672,49.460763680000106,274
1383782400,262.8628,3484.09303,262.8628,289.62884,32.79999637000005,177
1383868800,295.51602,330.64785,295.51602,330.64785,6.225306410000001,24
1383955200,340.0,350.0,312.01,338.68,14.723304529999997,34
1384041600,321.9202,4000.0,289.18978,317.0,45.838549400000005,63
1384128000,350.5738,362.5306,329.72864,340.725,17.975820530000004,28
1384214400,360.0,4000.0,346.55506,355.0,50.99902389999996,51
1384300800,365.0,406.0,365.0,398.0,26.14386347,61
1384387200,405.55474,425.84138,404.8,425.62096,15.096314099999999,72
1384473600,421.62096,435.0,387.91236,410.0,100.37766182999992,160
1384560000,414.8989,444.50734,414.8989,438.0,23.296804320000003,29
1384646400,444.44,491.50107,430.0,491.50107,16.82612919,88
1384732800,496.36498,700.0,496.36498,700.0,41.09771375999999,294
1384819200,700.0,800.0,484.0,587.52083,54.89126149000009,522
1384905600,581.7009,636.94821,450.0,591.81,56.77094125000002,350
1384992000,600.0,720.0,583.11045,670.06042,72.06500951000001,401
1385078400,672.31667,810.0,642.70057,796.56582,18.094446369999993,357
1385164800,796.34865,904.0765,768.76234,830.75754,43.073710450000014,231
1385251200,838.97872,838.97872,760.38,808.33476,13.315045240000005,113
1385337600,805.0,818.36641,730.0,801.59886,10.853011519999997,272
1385424000,801.59886,900.0,768.58034,893.87025,13.846621669999994,351
1385510400,893.9,1081.09181,890.0,994.95,46.413145019999995,782
1385596800,994.95,1088.41486,935.0806,1000.32893,33.03036408000001,443
1385683200,1012.39302,1198.8009,1012.39302,1165.425,34.82728925000002,562
1385769600,1155.62219,1189.10145,1094.38283,1114.24001,22.761522850000013,365
1385856000,1112.01598,1130.0,770.0,953.72943,52.50557639000002,905
1385942400,952.89757,1059.0,946.14514,1022.9544,36.88923603,369
1386028800,1031.15439,1076.52087,995.4975,1063.46318,23.27089023000003,340
1386115200,1051.2966,1120.0,981.75885,1079.93122,40.352834979999926,539
1386201600,1088.62278,1110.0,855.7,1032.05233,64.63659978999995,607
1386288000,1032.05233,1065.22702,838.51515,864.78197,62.708849069999815,1016
1386374400,866.89118,950.0,600.96141,699.42201,122.53190771000007,1362
1386460800,693.64295,801.45651,670.004,795.61257,47.869794530000014,382
1386547200,801.53386,914.29786,782.43239,899.72762,61.218251790000096,626
1386633600,899.72762,975.11,899.4394,959.11111,69.81681796000005,351
1386720000,954.64274,979.23,820.0,883.78144,43.04402338999998,437
1386806400,883.78144,919.07787,857.37669,873.0,7.807631879999991,114
1386892800,881.4786,916.59561,853.07,878.79707,26.09102401,236
1386979200,885.34561,885.34561,850.0,862.17448,12.19367696,128
1387065600,870.6966,885.0,820.0,863.71354,35.68524806000003,257
1387152000,863.70354,884.0,662.6585,709.93373,66.58353691999997,669
1387238400,715.659,758.84502,674.73714,702.0,60.746001950000036,420
1387324800,698.61378,698.61378,380.0,528.0,211.20742327999957,1830
1387411200,533.3138,700.0,517.62147,699.81249,39.80196825999995,533
1387497600,699.80249,718.21618,614.51908,665.44627,47.984774679999994,484
1387584000,656.24474,700.0,605.0,621.45299,11.70379852999999,195
1387670400,614.99785,681.38026,605.0,641.0361,54.24804243000006,392
1387756800,633.71842,680.0,633.71842,655.22662,27.57428664000001,232
1387843200,666.03821,683.7417,642.0,659.79308,10.98021260000001,236
1387929600,659.79308,684.51009,642.0,676.0,10.889392259999994,152
1388016000,684.53009,771.0,676.0,752.33596,68.93004263999939,1001
1388102400,757.65272,769.005,714.14721,731.86466,33.27565259000001,496
1388188800,734.43518,745.2,715.52601,719.0,7.628956569999991,162
1388275200,732.23935,744.31657,715.0,733.0451,6.199655949999991,169
1388361600,742.67124,751.0,731.85612,749.0,8.828619769999998,169
1388448000,749.0,750.0,730.0,739.73114,8.372722659999988,155
1388534400,737.15115,759.1104,737.15115,753.99,10.126923029999993,140
1388620800,750.11583,817.56149,750.0,788.30421,19.81338285,311
1388707200,784.68606,819.9,771.17795,808.51778,75.69532023999997,260
1388793600,808.42694,840.0,783.02,827.64784,33.22655577000002,140
1388880000,828.69,980.0,827.4135,904.75,54.949140329999956,691
1388966400,908.24999,1019.0,886.43973,919.11176,75.09638759999969,824
1389052800,916.81972,945.0,810.0,810.0,49.40815707999991,723
1389139200,810.0,899.84281,788.0,824.98287,19.182755550000028,425
1389225600,825.56345,870.0,807.42084,841.86934,8.158334499999993,192
1389312000,839.99,857.34056,817.0,857.33056,8.024510459999991,134
1389398400,858.2,918.05471,857.16554,899.84105,18.74828487000001,117
1389484800,899.96114,900.93989,833.00001,860.0,25.429433140000107,385
1389571200,847.32152,859.99999,815.0,835.0,25.86912661000017,486
1389657600,835.0,877.293,805.0,831.0,31.66288131000002,188
1389744000,831.0,864.0,828.0,850.00364,6.707564589999993,95
1389830400,853.0,865.0,824.0,826.97077,28.6020137000001,496
1389916800,824.1264,835.06427,788.0,804.0,26.35803928000018,378
1390003200,812.90538,844.14159,807.74074,819.51,18.768327269999983,163
1390089600,819.51,848.9,819.51,835.0,11.939592029999995,47
1390176000,843.94804,855.0,830.1,843.76589,4.446758569999995,84
1390262400,840.0,845.98999,820.1,829.01,6.895374240000002,62
1390348800,829.0,834.53144,821.0,830.88999,1.7126164800000003,17
1390435200,822.4,830.88899,821.0,830.88897,11.581250849999998,67
1390521600,830.88897,835.48427,783.0,803.01935,25.00906729,159
1390608000,803.01936,830.0,795.07478,812.02,9.929638319999997,126
1390694400,818.0,840.0,813.0,826.72139,6.569736359999998,128
1390780800,826.70102,840.0,780.0,780.0,35.699207509999994,136
1390867200,780.0,830.0,775.0,815.99,15.75364425,113
1390953600,815.99,826.22571,795.0,795.0,18.924400960000014,136
1391040000,802.4522,815.23135,787.01,808.0,27.028696980000095,279
1391126400,808.0,812.63409,801.0,812.19037,12.861795830000032,245
1391212800,807.30274,835.0,803.41261,825.0,6.46833713,43
1391299200,828.99,835.0,814.86431,814.86431,7.247070139999998,33
1391385600,814.86431,819.8,803.64931,819.78,7.2726638799999925,95
1391472000,808.0,819.78,799.579,802.4,11.425936869999987,169
1391558400,802.4,815.89934,802.4,802.5,16.587834110000028,119
1391644800,802.5,803.72713,767.60884,767.60884,33.592125089999996,300
1391731200,775.2051,775.2051,666.35039,714.12206,64.8232122100003,842
1391817600,711.41118,730.0,680.01,699.30255,31.042253830000046,298
1391904000,692.37535,756.0998,684.85098,689.0,38.29127444000015,376
1391990400,686.83613,748.0,550.0,690.2,29.856668430000102,472
1392076800,690.2,720.0,660.0,714.56111,33.331273520000046,425
1392163200,709.93,709.93,651.30901,670.6659,17.64185053,112
1392249600,671.0,680.0,595.6295,623.94582,44.676224190000056,451
1392336000,629.07483,710.0,586.43,670.33964,42.449930910000106,458
1392422400,667.04394,682.78028,646.87689,659.2834,12.188569279999996,212
1392508800,665.80764,668.82486,600.0,624.73111,21.453597250000012,384
1392595200,636.26205,679.05833,593.67544,638.1016,36.386257640000075,298
1392681600,639.69685,652.50738,623.0,636.5201,20.844739940000007,206
1392768000,634.9328,640.0,602.90667,630.16179,13.003436099999993,95
1392854400,631.74114,641.3624,561.14602,561.14602,52.55553649000015,487
1392940800,567.26572,597.05351,547.72277,572.2744,25.789989830000003,287
1393027200,580.86,620.9,567.54517,610.04308,13.257378019999988,151
1393113600,610.11854,650.27996,600.91198,616.88,21.040155470000006,179
1393200000,610.97061,616.90079,540.63608,572.0,29.69798167000003,366
1393286400,565.38324,568.09339,450.0,535.59831,60.143684700000264,595
1393372800,540.89861,650.0,540.89861,587.27133,105.93190089999939,748
1393459200,599.00654,629.9,580.5,596.48629,45.76669364000008,571
1393545600,589.08864,599.0,570.0,573.94119,29.320877310000053,218
1393632000,570.0,605.0,550.0,575.0,8.041681089999997,84
1393718400,575.0,588.079,572.41339,578.0,2.16169433,25
1393804800,583.73562,700.0,583.73562,666.9435,67.84409460000005,300
1393891200,675.0,720.0,661.47675,680.6,27.721393280000004,341
1393977600,680.6,690.17141,660.01,680.99,5.23012654,58
1394064000,670.01,693.0,660.1,666.70413,7.412314839999999,63
1394150400,670.0829,680.463,628.73046,636.20048,10.855449569999983,126
1394236800,648.91429,667.98953,623.0,636.0088,4.199143659999999,70
1394323200,642.401,658.0,629.05259,647.9349,2.01748158,24
1394409600,641.99,684.5,630.0,642.0757,6.30764832,112
1394496000,646.93423,665.93423,560.0,641.0,18.486549589999996,107
1394582400,648.14505,660.0,550.275,632.31094,8.316094599999998,157
1394668800,644.429,657.99101,620.0,653.39758,4.38727322,44
1394755200,653.39758,654.91385,550.0,631.23955,24.631092630000005,56
1394841600,631.25,646.0,618.29313,646.0,3.19846133,32
1394928000,646.0469,652.0,639.0,651.95,7.61949564,18
1395014400,641.14149,641.14149,616.00101,637.73128,1.9084555,15
1395100800,628.0,633.989,610.01,619.78308,9.048811399999996,62
1395187200,622.0,633.663,612.22,620.062,5.528563439999999,46
1395273600,621.08659,625.01788,590.0,590.0,7.827903639999998,94
1395360000,590.0,615.22654,580.0,590.0,16.271000149999935,285
1395446400,590.0,596.0,554.05,572.29918,11.838059619999996,155
1395532800,576.36897,596.0,566.35804,568.53521,1.3187390799999996,46
1395619200,574.22,592.53871,554.50454,585.40025,5.684815209999999,50
1395705600,584.0,591.14973,579.0,584.0,5.97791428,31
1395792000,579.05,641.14149,579.0,585.0851,13.081149949999999,99
1395878400,585.1,599.27378,500.01,512.7888,35.313770350000105,409
1395964800,507.71418,553.0,500.0,516.48107,43.688971380000076,338
1396051200,511.37991,518.0,505.0,514.99,6.107907940000001,49
1396137600,506.17549,506.17549,436.07375,462.47601,33.23922151999998,815
1396224000,468.76285,530.0,443.35,462.38593,17.586608629999994,203
1396310400,465.33984,503.23111,465.2,489.0,20.24699944,152
1396396800,489.0,497.1468,443.625,443.625,12.405664080000005,76
1396483200,440.01,463.7,426.45421,461.85,16.796802979999992,145
1396569600,454.06034,550.0,440.0,458.84148,19.878836820000004,282
1396656000,453.38455,467.85,447.56953,467.85,0.9441448700000001,20
1396742400,467.838,469.43834,450.0,461.81827,5.116952100000001,28
1396828800,465.49125,475.32049,450.0,462.07946,7.08636684,41
1396915200,465.8142,465.8242,450.0,458.87469,3.4687509499999973,46
1397001600,459.21387,462.09031,450.0,452.99853,1.13219204,17
1397088000,450.01,450.01,368.13673,371.7835,17.220291239999998,116
1397174400,368.10427,583.75327,353.75804,431.0,18.054422990000006,207
1397260800,431.01,450.0,429.01001,448.0,8.750714989999999,46
1397347200,429.00001,445.97999,407.07491,429.7899,9.315483930000001,27
1397433600,411.33828,480.06527,411.33828,451.05736,42.69095344000001,163
1397520000,472.77984,573.66927,450.49878,535.11388,31.0415009500001,530
1397606400,529.81309,544.56794,490.55578,523.53017,51.25685199000003,230
1397692800,523.53017,530.35862,495.53036,503.84789,16.076595039999983,152
1397779200,504.60219,515.0,477.19035,485.37368,31.490066300000002,142
1397865600,485.5939,525.28225,479.95971,504.49054,10.969437789999994,74
1397952000,506.21045,510.0,500.0,504.73422,1.5405550000000001,16
1398038400,507.0,517.31024,485.0,496.41683,17.332645680000006,54
1398124800,501.33676,510.49,484.62239,489.72443,7.489676939999998,44
1398211200,492.85243,497.73461,489.0,495.61699,7.02182626,36
1398297600,495.0,503.48132,490.00001,503.48132,3.5884526199999995,18
1398384000,496.68623,496.68623,448.99999,471.43037,27.913998440000025,172
1398470400,466.81001,472.13557,456.75,463.70172,2.8455738499999996,29
1398556800,463.6817,463.6817,435.0,435.0,3.752053630000001,35
1398643200,435.0,455.0942,429.0854,444.09466,5.280398809999998,91
1398729600,444.09466,454.62328,435.6527,445.67967,7.311029559999999,42
1398816000,450.08456,452.82438,441.23028,448.34318,9.057659279999998,32
1398902400,448.0,464.41767,448.0,459.32469,14.509446049999996,55
1398988800,456.08044,456.08044,446.49411,455.16381,7.07584484,20
1399075200,450.279,452.07737,432.4255,441.03514,8.503541059999993,53
1399161600,436.71066,445.40401,431.16639,441.99999,1.77169072,27
1399248000,436.59405,439.99999,429.18,429.18,5.657384449999999,39
1399334400,429.18,439.68974,422.19,431.86952,5.745954949999992,110
1399420800,431.86951,452.74422,431.61274,441.88615,20.36100047000001,56
1399507200,446.26122,451.99976,441.809,448.26174,5.78832423,25
1399593600,441.809,459.22214,441.809,450.62503,4.093871720000001,54
1399680000,450.62503,458.0,446.0967,454.98804,5.475334469999999,27
1399766400,450.48544,450.48544,432.87805,441.49669,11.528826729999993,57
1399852800,437.12758,445.22171,432.21299,440.81786,7.191545350000001,42
1399939200,444.7599,444.7599,436.44999,440.779,4.50666206,30
1400025600,440.779,445.52,440.779,445.52,0.87112735,18
1400112000,440.89002,449.58704,440.89001,449.58704,3.018615960000001,15
1400198400,447.1,453.83236,447.1,453.83236,5.5901256299999975,24
1400284800,450.53999,453.83236,446.20001,453.83236,0.20613549000000003,8
1400371200,448.25001,453.80005,445.56,445.56,2.579776750000001,37
1400544000,449.995,498.83996,449.995,493.42751,25.275300640000015,122
1400630400,493.77,497.66941,490.84583,494.77454,4.238439489999999,34
1400716800,494.77454,530.0,494.77454,530.0,32.85014711000007,187
1400803200,530.0,548.05423,515.31152,521.46849,14.815443089999976,161
1400889600,520.3605,529.99999,515.20587,529.99999,2.617610470000001,35
1400976000,529.99999,589.0,529.99999,574.04983,15.825220019999977,184
1401062400,570.88904,589.10847,563.67667,583.19989,10.948600849999984,96
1401148800,583.2099,594.64098,538.83992,575.53537,26.979252740000117,291
1401235200,576.56534,589.16,565.21589,575.83232,5.445056409999999,52
1401321600,576.26171,576.26171,564.90155,570.4918,1.40277637,17
1401408000,570.49181,628.60534,566.15006,616.0802,18.173428650000016,133
1401494400,611.7129,629.0355,603.86986,629.0355,19.36684462,37
1401580800,627.0,673.37263,621.79217,628.96746,33.09343296000004,223
1401667200,633.74909,672.63919,621.79217,660.0,12.308513629999998,74
1401753600,663.29883,677.90898,652.26309,671.42938,14.684011619999994,57
1401840000,665.4967,665.4967,525.0,650.47674,59.16308711,130
1401926400,650.47674,669.74995,650.44672,657.01,15.163776859999997,26
1402012800,657.01,660.0,653.40266,653.40267,5.420169389999999,39
1402099200,655.3008,659.8,636.68008,659.8,4.592194750000001,21
1402185600,650.06533,659.8,646.001,656.43773,0.90148748,11
1402272000,654.51524,655.40593,636.50109,643.43801,4.63940113,42
1402358400,643.43801,657.71523,643.43801,646.88986,7.12894414,24
1402444800,649.93241,649.93241,617.99453,617.99453,19.60375824999998,112
1402531200,630.34421,637.06225,552.00001,571.13506,77.29542907999996,338
1402617600,582.39999,617.306,572.51819,589.68386,18.101691499999983,214
1402704000,583.86257,600.0,542.96197,565.181,16.63757924999999,233
1402790400,573.27782,595.38177,534.2759,595.38177,34.21065485000002,132
1402876800,589.48399,612.91177,574.17532,597.137,10.223170439999999,118
1402963200,597.13702,608.98256,586.25,608.974,2.80176761,27
1403049600,609.204,625.0,603.41,605.88912,10.002429649999993,89
1403136000,603.4,627.05395,594.115,595.93062,8.405996930000002,64
1403222400,595.80203,602.794,578.508,593.90308,5.809652829999998,49
1403308800,589.92084,598.50479,581.093,590.5874,0.7642089700000001,10
1403395200,584.748,602.33414,584.748,596.23865,8.34380806,41
1403481600,590.36701,590.36701,584.42153,584.42153,2.6351154100000014,24
1403568000,590.202,595.22794,576.12935,586.15372,2.8507535700000006,43
1403654400,575.0,575.00001,557.432,564.425,29.229335290000062,164
1403740800,568.44301,583.2618,568.44301,575.93045,2.77356002,12
1403827200,585.51881,599.99999,575.35,597.69266,21.762415509999993,80
1403913600,596.77207,604.382,590.21281,590.21281,4.456964869999998,24
1404000000,596.05353,602.302,589.76385,589.76385,0.68059782,6
1404086400,587.724,645.00088,587.724,637.0,18.97691244999999,106
1404172800,644.9,657.83319,634.164,640.0,12.74856305,44
1404259200,638.0,658.87046,638.0,646.57973,24.823441880000004,39
1404345600,644.50278,655.08161,638.8895,647.52335,13.320450919999999,46
1404432000,647.52335,652.78999,622.59501,635.25253,2.95964374,35
1404518400,628.267,634.607,618.0,628.98732,3.74096373,17
1404604800,629.5,639.48798,629.09801,629.09801,2.24834956,6
1404691200,627.62401,638.973,614.74121,625.98859,6.4662628,37
1404777600,620.75041,626.87452,614.74195,617.03703,1.43869931,21
1404864000,615.35044,627.89636,615.35044,627.89636,1.63253636,6
1404950400,632.10834,632.10834,614.47299,614.47299,0.6426954399999999,13
1405036800,618.0,629.4561,614.81343,629.4561,1.5033953,13
1405123200,631.64564,639.38158,631.58744,639.38158,0.72466054,11
1405209600,632.0,653.49,625.28785,626.50085,1.0107669500000003,20
1405296000,629.95001,632.67046,618.14322,626.23343,1.34438355,23
1405382400,620.02698,620.02698,620.02698,620.02698,0.18,2
1405468800,620.02697,626.16276,612.89942,625.22399,7.407184459999998,22
1405555200,625.224,630.00997,610.34746,624.97989,0.96305901,20
1405641600,624.55999,628.99999,615.17054,625.999,12.28947057,12
1405728000,628.99999,630.0,628.99999,630.0,1.55920445,5
1405814400,629.99899,629.99899,619.0,619.0,0.50676663,7
1405900800,629.76875,629.76875,629.76875,629.76875,0.00063515,1
1405987200,618.68819,618.68819,618.68818,618.68818,8.44036665,6
1406073600,623.98,623.98,610.0,618.62146,7.49582514,8
1406160000,612.5,623.43078,593.86453,605.63646,17.723263860000007,51
1406246400,600.00001,623.22268,593.8005,596.08217,8.671180939999989,117
1406332800,596.21431,607.95528,593.801,600.0,5.06278238,32
1406419200,600.0,600.0,600.0,600.0,0.1545,1
1406505600,593.80101,599.99999,574.57864,591.90124,4.092734840000002,87
1406592000,586.5,597.66468,575.0711,583.20902,2.678287069999999,35
1406678400,577.44182,588.98043,566.75121,566.75121,11.669100909999989,36
1406764800,573.13807,591.9492,567.62816,590.1668,33.04695941,65
1406851200,590.09699,602.36146,584.77374,596.4,3.0458168199999993,12
1406937600,596.4,601.18073,590.4867,590.4867,2.5720349500000004,17
1407024000,594.80131,594.80136,578.85629,578.85629,1.78503459,6
1407110400,579.32951,596.2458,579.32951,596.24532,4.1103283500000005,10
1407196800,584.57433,598.03405,579.00019,579.00019,9.0423468,15
1407369600,584.26767,593.00001,577.23864,580.58354,16.81014654999999,50
1407456000,589.74092,590.0,583.91906,590.0,0.42726298000000007,10
1407542400,583.93908,590.0,578.13503,590.0,7.804087150000001,13
1407628800,590.0,595.35548,583.24163,583.24163,1.6587146799999999,6
1407715200,589.61366,595.36446,572.76593,572.76593,0.47791401999999994,11
1407801600,572.76593,579.99771,566.99001,579.99771,3.8191197199999998,15
1407888000,571.70103,571.70103,531.63618,535.08056,4.349211590000001,47
1407974400,535.00001,553.8341,501.0,523.75872,31.8282168200002,256
1408060800,525.0,530.0,501.0,529.99999,23.95719955000004,195
1408147200,501.1,529.85,500.0,503.52,11.010709289999983,115
1408233600,514.0,539.99462,500.0,500.0,2.6513372200000003,32
1408320000,500.00001,505.0,455.0,455.0,28.549676390000037,112
1408406400,479.99799,500.5,460.3,474.02001,77.75579151999942,356
1408492800,495.0,530.0,477.0,530.0,13.530525549999988,142
1408579200,530.0,530.0,500.00642,505.0,4.62139148,10
1408665600,529.96506,529.96506,482.21557,529.95385,9.620585639999998,22
1408752000,529.95437,529.95437,482.27458,524.99999,0.563896,9
1408838400,524.87999,524.87999,524.87999,524.87999,0.7,1
1408924800,500.0,524.87998,490.10042,516.11742,26.860000000000127,244
1409097600,524.85421,524.85421,524.85358,524.85358,1.3120910000000001,3
1409184000,495.08275,495.08275,495.08275,495.08275,0.02382,1
1409270400,524.78733,524.87551,524.78733,524.87543,0.5178269999999999,7
1409356800,495.25973,524.76998,495.25973,524.26603,0.45841051,3
1409443200,495.26149,509.98296,490.5,509.98296,5.612039449999999,36
1409529600,490.01,490.01,490.01,490.01,0.09953429,1
1409616000,524.76939,524.76939,524.76939,524.76939,3.811e-05,1
1409788800,475.00156,475.00651,475.00081,475.00651,3.4100583799999993,37
1409961600,524.77,524.77,524.77,524.77,0.176851,1
1410048000,500.0,500.0,480.00001,480.00001,1.24003,6
1410134400,524.77,524.77,465.00143,488.76711,41.14063936000028,245
1410220800,465.00415,475.0,465.00415,475.0,0.50774803,2
1410307200,475.00001,475.00001,475.00001,475.00001,0.02,2
1410393600,475.00013,475.00013,475.0,475.0,1.0107847699999999,6
1410566400,474.76999,474.77,474.76999,474.77,0.14916,5
1410652800,490.0,490.0,490.0,490.0,0.21201223000000002,2
1410739200,475.00001,475.00001,465.00781,465.00781,3.07923263,4
1410825600,499.98933,527.99987,465.0,465.00001,2.76320289,15
1410912000,465.00001,465.00001,445.00001,445.00001,5.14001826,57
1410998400,455.99999,503.18147,400.0,503.18147,18.121998919999992,166
1411084800,400.0,400.0,375.93621,375.93621,1.5,18
1411171200,466.666,466.666,385.00001,385.00001,0.15591857,3
1411257600,450.0,450.0,385.01001,385.01001,1.2,13
1411344000,424.99784,425.0,295.0,404.82901,24.17732817000011,143
1411430400,425.0,452.99999,420.01001,420.01001,7.7027735499999945,71
1411516800,420.02001,449.18,412.33637,433.15178,3.286999999999999,20
1411603200,413.00001,415.0,397.0,397.0,4.51108142,47
1411862400,446.02134,449.99795,387.62584,390.0,10.779269159999993,50
1411948800,393.99982,393.99982,370.00545,370.94491,0.7155498299999999,6
1412035200,370.1167,393.21657,370.1167,380.02001,6.67925623,9
1412121600,390.0,390.0,390.0,390.0,2.0000000000000004,19
1412208000,380.05005,380.05005,370.10001,370.11002,0.275,4
1412294400,389.51342,389.97999,355.0,355.0,20.27000000000003,84
1412380800,359.97997,369.6289,322.11186,322.11186,38.108923969999985,90
1412467200,315.15148,330.0,273.32564,330.0,18.721457259999987,62
1412553600,320.00001,349.84513,300.0,349.84513,53.40589682000033,285
1412640000,315.06119,341.70602,315.06119,341.70602,0.42100000000000004,7
1412726400,348.95949,370.0,348.95949,370.0,9.899737729999982,103
1412812800,335.46848,399.996,335.16179,370.19002,28.11519804999999,92
1412899200,366.99999,378.98999,355.5917,355.5917,7.777713389999995,41
1412985600,378.82957,378.99999,357.17516,357.17874,0.46176373000000004,12
1413072000,359.53202,379.97,352.83413,379.97,16.64574342,30
1413158400,370.10392,400.0,370.10021,400.0,20.832960550000003,43
1413244800,400.0,418.98998,395.27823,411.25545,29.72969310000001,44
1413331200,395.04332,400.30913,385.47712,400.30913,11.228324059999998,24
1413417600,398.38752,398.38752,374.61003,389.14365,16.084198639999993,31
1413504000,385.8576,385.8576,376.73067,381.0105,0.05216063,5
1413590400,371.00373,395.79193,371.00373,395.79193,0.95977536,14
1413763200,391.24176,391.24176,391.24176,391.24176,0.05,1
1413849600,390.57523,391.58111,371.00001,391.58111,10.23525506,54
1413936000,391.58111,393.49234,371.37843,388.70532,2.348188269999999,9
1414022400,374.0,374.0,365.0,368.63955,11.952535489999999,20
1414108800,368.36564,373.69072,355.0,373.34819,7.602722150000001,32
1414195200,363.00001,363.00001,355.0,359.51172,7.813200530000001,13
1414281600,360.0,384.71905,360.0,362.5,6.1209484100000005,18
1414368000,368.15412,368.15412,364.3,364.3,0.04323895999999999,3
1414454400,352.01024,365.12521,352.01024,365.12521,0.58976373,4
1414540800,350.00001,350.00001,335.00987,335.06565,8.87321215,19
1414627200,335.00167,350.0,335.0,346.02084,7.5604117099999995,23
1414713600,344.29,347.95,344.29,347.95,0.03559,2
1414800000,340.09209,340.15346,320.00001,320.00001,5.66358534,16
1414886400,320.00001,325.18843,320.00001,323.93959,0.11539963,4
1414972800,325.18843,325.18843,325.0,325.0,4.96861786,9
1415059200,325.0,330.0,325.0,325.0,16.8684394,20
1415145600,329.9967,348.20467,328.20467,328.20467,9.729994169999998,31
1415232000,349.1749,349.1749,348.0,348.0,0.04009,3
1415318400,333.0,348.0,333.0,347.07869,6.6029307699999995,14
1415404800,341.08607,349.99681,330.16235,349.99681,4.81004908,17
1415491200,347.67065,350.0,338.66092,350.0,19.356301289999998,24
1415577600,350.04915,370.0,350.04915,355.0,3.5688039799999998,7
1415664000,367.0,372.63182,360.51753,371.69669,5.422614729999999,7
1415750400,383.33812,430.35988,379.99,423.48202,219.46096287999967,195
1415836800,423.28208,450.0,380.0,415.00001,65.88413010000001,133
1415923200,415.0,417.77095,395.0,395.0,23.163419339999997,24
1416009600,385.78423,385.78423,378.97188,379.99,10.678664979999999,29
1416096000,394.99999,394.99999,379.55697,380.0,1.56013,3
1416182400,394.999,414.26253,376.0026,400.0,25.27114870000002,72
1416268800,390.0,395.0,370.39134,375.02445,13.227762959999993,92
1416355200,392.95752,392.95752,375.33574,389.99799,0.9256107799999999,23
1416441600,389.99797,389.99797,354.32911,354.38194,67.06789779000044,632
1416528000,350.40522,360.0,342.65995,360.0,1.6420000000000001,9
1416614400,360.0,369.99999,360.0,369.99999,4.050000000000001,23
1416700800,360.0,370.0,360.0,370.0,4.7640149,29
1416787200,370.0,385.00001,370.0,372.00001,11.240753469999996,59
1416873600,389.99,390.0,376.0,376.0,10.132408999999999,24
1416960000,372.0,389.94381,366.4212,372.87268,19.23767020000002,97
1417046400,385.68775,385.68775,365.01441,376.90071,2.3818524,4
1417132800,380.0,387.0,360.52323,387.0,23.273363030000066,205
1417219200,386.999,387.0,379.08519,379.08519,4.198860499999999,20
1417305600,386.31957,386.31957,386.31957,386.31957,0.00159536,1
1417392000,385.35387,386.744,370.13181,374.02594,4.176189999999999,45
1417478400,380.0,386.15427,372.90994,375.0971,4.668127029999999,12
1417564800,375.29089,384.88368,371.45606,380.0,22.628504610000043,69
1417651200,380.0,380.0,364.71891,379.74829,3.76303172,24
1417737600,379.74826,380.0,375.18588,375.18589,4.68287,5
1417824000,375.18588,394.59,367.00002,374.0,34.16865673000002,67
1417910400,374.0,389.97692,370.43133,373.07,0.38178769000000007,17
1417996800,374.56,376.05999,360.29399,375.99888,4.5884354300000005,61
1418083200,362.58,375.91714,342.46027,345.48514,6.580122689999997,62
1418169600,346.87,357.5,345.55613,345.55613,0.16071000000000002,4
1418256000,345.49754,372.12219,342.50162,372.12219,0.7363959999999999,9
1418342400,359.99999,360.0,346.77149,360.0,0.91175257,15
1418428800,359.99921,359.99921,350.0,352.0,33.15403558999999,19
1418515200,351.39,358.97728,350.0,350.0,0.60427,14
1418601600,350.00002,358.98149,342.0358,342.0358,22.781945080000003,36
1418688000,358.91536,358.91536,330.09,330.09,4.445624210000002,46
1418774400,330.01751,355.32632,315.02003,329.99159,30.106007479999988,120
1418860800,332.16906,365.0,310.0,311.00761,25.95794548000007,121
1418947200,320.0,368.11872,310.03348,349.9843,2.96543651,25
1419033600,348.99232,348.99232,330.99999,330.99999,3.53836,8
1419120000,330.99995,334.64022,319.67298,325.01,38.70189724000008,114
1419206400,325.26494,327.06197,325.26494,327.06197,0.58067,3
1419292800,342.07621,342.07621,329.91612,338.74738,0.57162252,6
1419379200,338.55338,338.55338,320.38037,320.38037,4.10771905,13
1419552000,320.47921,320.47921,320.47921,320.47921,0.01,1
1419638400,320.04136,320.04136,313.37433,319.0,3.7788593800000005,21
1419724800,319.0,320.04136,313.01017,313.01017,1.8700000000000003,12
1419811200,321.0,325.0,313.99999,314.76001,29.967738330000063,96
1419897600,338.95292,338.95292,313.0,313.0,4.553571719999999,42
1419984000,319.1346,319.1378,315.46334,319.1378,9.605197339999984,82
1420070400,314.02868,324.99787,314.02868,324.99703,0.435,4
1420156800,313.17849,320.0,313.17849,315.30403,8.915297499999994,33
1420243200,315.3001,319.9338,281.50556,281.50556,55.701588760000305,291
1420329600,287.5338,297.47622,265.86907,265.86907,22.272335409999986,104
1420416000,269.25518,280.0,252.31554,274.47008,67.25894076000004,227
1420502400,260.00001,293.66025,260.00001,281.15113,3.1411300000000013,25
1420588800,269.00001,299.99973,269.00001,299.99973,7.707377209999992,87
1420675200,290.00001,290.00001,283.52532,283.52532,8.336343099999999,7
1420761600,290.0,299.98516,282.99689,299.98516,8.370981140000001,27
1420848000,288.0,296.0,274.7275,277.78,49.01191883,63
1420934400,269.13069,269.15244,265.0,265.0,6.88088617,23
1421020800,267.0,292.0,263.02003,265.05737,53.910893550000004,80
1421107200,268.0,268.0,215.0901,216.00001,200.70519020999922,334
1421193600,218.01,230.9919,175.0,175.0,221.66675472999825,783
1421280000,175.0,236.46589,175.0,218.9994,116.57096037000007,308
1421366400,209.03003,219.0,195.20001,213.36243,44.712030000000084,107
1421452800,198.0,202.1725,196.0,200.0,9.216220699999997,33
1421539200,200.0,220.0,199.49585,219.9754,31.116297559999992,124
1421625600,206.13015,213.0,206.0,211.01,7.539439999999998,19
1421712000,211.0,219.84384,208.395,219.81882,5.215864229999999,9
1421798400,206.10107,225.90836,206.10106,224.485,47.35145822999999,76
1421884800,225.01001,241.01995,225.01001,228.02561,26.471158839999994,36
1421971200,228.3432,231.23647,222.6761,228.04286,10.177966109999996,29
1422057600,228.02262,251.36381,228.02262,248.3225,114.17499046,64
1422144000,250.84099,257.06,241.28478,257.06,41.23670749000001,33
1422230400,258.0,307.045,250.03923,270.0,86.66463678999978,151
1422316800,248.07348,269.10297,205.00002,250.84686,59.44039191000004,98
1422403200,248.39845,279.99998,225.01593,247.99527,66.60420387000012,171
1422489600,245.0,245.0,222.27741,231.82976,36.18992437000001,97
1422576000,235.01,239.36069,220.00103,220.00103,55.18645337000001,60
1422662400,229.98215,239.98083,216.68998,216.68998,13.385819159999999,54
1422748800,216.14762,239.98261,210.00635,239.98261,5.104832620000001,31
1422835200,239.96153,239.96153,223.9399,228.0,5.234146839999999,52
1422921600,240.0,246.93235,231.95995,235.45066,18.468487670000012,34
1423008000,228.0,228.89529,221.85024,228.89529,15.170659899999988,55
1423094400,222.0,222.53259,215.25,217.0,17.33634536999999,41
1423180800,217.0,225.0,215.0,221.9156,12.396409529999996,26
1423267200,218.44062,231.57664,218.44062,229.65995,1.80878,8
1423353600,229.0,229.2314,218.80695,229.2314,14.250941659999999,13
1423440000,218.44851,228.95643,215.0,221.2,16.759032070000007,22
1423526400,219.01,221.915,215.00001,215.01,3.2900660000000004,13
1423612800,215.01015,215.01015,205.0,207.2,5.62822066,10
1423699200,219.3,223.99999,219.3,223.99999,2.5189999999999997,2
1423785600,223.99999,240.0,207.0,232.80282,58.79329537000001,54
1423872000,233.0,250.0,228.0,250.0,44.010011280000036,85
1423958400,234.70965,264.79663,228.0,235.2728,48.66836807000001,82
1424044800,230.9,250.65756,227.6674,250.65756,27.05081394,19
1424131200,232.41754,249.98294,230.29618,249.98294,7.416014999999999,10
1424217600,239.04557,239.76,230.30013,236.00001,14.941906690000001,22
1424304000,237.9,244.055,237.9,240.1,6.173579999999997,27
1424390400,242.11099,248.5,240.09028,240.09028,40.42599122,93
1424476800,240.12031,240.12031,240.12031,240.12031,0.03775,1
1424563200,247.43614,247.43614,235.0,235.0,21.396859200000033,123
1424649600,235.11,239.9,234.08001,236.1201,28.04909921000004,66
1424736000,237.96427,238.0,237.94427,238.0,0.88,5
1424822400,240.183,240.183,237.01552,237.01552,6.478653209999999,18
1424908800,237.05652,239.63507,235.0,239.63507,22.713520600000003,44
1424995200,239.60403,259.41692,237.9975,247.05224,122.7685226899999,184
1425081600,247.05039,255.74888,244.00001,250.11,45.02534393000031,457
1425168000,250.11,261.4978,240.00576,249.89344,22.886845140000034,141
1425254400,254.90181,279.99798,250.06853,271.36702,53.683398390000015,79
1425340800,278.0,280.0947,264.68794,276.45248,24.928836390000008,136
1425427200,276.52394,285.73048,267.32,274.79073,38.22587365000008,169
1425513600,272.32736,278.60804,265.17001,272.19753,14.734610669999991,57
1425600000,269.65122,275.4619,260.00005,260.00005,10.689149999999993,27
1425686400,270.0,270.0,269.89856,269.93423,0.18738000000000002,3
1425772800,279.98011,279.99575,270.07622,270.07622,3.7579599999999997,4
1425859200,270.12774,297.50744,270.12774,296.99983,18.777936869999994,34
1425945600,287.2091,299.999,287.2091,291.0,29.269923200000076,82
1426032000,291.0,299.93926,289.0,295.6975,36.96841795,75
1426118400,296.93748,296.93748,289.3671,290.27606,8.17787305,50
1426204800,290.03538,293.0,272.0,286.99089,78.46152761000012,60
1426291200,277.53005,288.62895,272.63893,282.32767,54.24510745000005,88
1426377600,287.25,288.0,281.51071,288.0,0.14544647,9
1426464000,288.0,294.44402,287.99999,294.44197,32.98529418,39
1426550400,293.99543,294.96033,284.0,288.1992,17.91309279,22
1426636800,283.37061,283.37065,250.00002,257.47999,37.66223963000005,122
1426723200,253.4492,280.86996,253.4492,255.00001,6.26311755,37
1426809600,270.0,272.48632,256.03388,272.48632,1.21432643,19
1426896000,261.67457,261.67457,259.68252,259.68252,0.11972999999999999,6
1426982400,258.0598,271.34,258.0598,271.34,18.178924529999996,39
1427068800,271.99899,271.99901,263.00001,266.57785,9.083248669999985,69
1427155200,263.71189,263.73404,245.00001,247.0,28.82396973,133
1427241600,247.04008,250.99964,237.685,250.97809,9.872057269999997,33
1427328000,250.5,268.99998,250.04807,251.8985,14.116976539999998,21
1427414400,248.57992,252.0,242.87629,252.0,0.68489832,11
1427500800,247.80743,255.69955,247.80743,252.5,2.123469560000001,76
1427587200,250.99973,250.99973,240.43751,243.58836,4.381622329999999,19
1427673600,246.02468,268.99959,240.18791,268.99959,4.647841489999999,65
1427760000,249.93732,259.99004,244.42198,244.42198,1.026009,4
1427846400,248.79996,249.24224,241.05751,242.97551,17.81256569000001,52
1427932800,247.59,255.93,240.0,253.0,19.647689789999994,54
1428019200,251.19687,256.0,249.37241,252.89904,3.1142485999999994,21
1428105600,255.0,255.0,249.52004,249.55506,9.16083667,19
1428192000,253.75267,259.99476,253.75267,259.99476,1.4511167600000003,11
1428278400,261.0,262.4245,253.01101,254.41999,12.029357049999994,38
1428364800,253.05602,256.87938,246.51001,248.84735,25.811679909999974,142
1428451200,248.84735,258.23933,244.3875,249.45692,13.747920839999997,53
1428537600,245.5,249.44738,239.9625,249.26784,7.551209999999997,41
1428624000,241.0,245.85,232.84648,242.49256,37.757890960000125,119
1428710400,242.4924,242.4924,230.75821,232.5832,23.524386810000003,181
1428796800,234.04946,239.99999,234.04946,239.99978,18.943426480000007,118
1428883200,239.99972,239.99999,223.542,227.93527,21.321779640000024,428
1428969600,227.93527,231.84673,216.50029,221.97962,41.26620631000001,431
1429056000,221.889,224.00001,219.66098,220.10885,12.479029949999987,71
1429142400,227.85518,234.70359,223.36631,233.59987,9.112341639999997,499
1429228800,229.0,230.52451,223.00591,223.00599,2.3120000000000007,30
1429315200,227.49,227.49,222.00072,222.02479,4.90667786,12
1429401600,222.87381,228.99999,222.87381,226.78856,10.280524999999997,54
1429488000,226.43521,227.99985,223.26212,224.3875,40.23298017000007,239
1429574400,224.32299,235.23058,224.0475,234.55422,92.60975795,252
1429660800,234.64001,238.89186,232.0925,233.27,40.65196145000008,189
1429747200,234.13515,235.6875,231.0,235.20829,23.61503985000002,71
1429833600,235.88,237.58149,229.31001,230.9625,46.509972999999995,137
1429920000,232.14202,232.14202,226.0348,227.49,5.799028589999999,24
1430006400,226.0,226.0,216.34205,220.1475,35.00703702000004,151
1430092800,223.62645,238.55826,217.33855,228.26001,28.26095372000001,104
1430179200,228.0,233.25156,224.0,229.94526,43.429089850000004,183
1430265600,228.30986,232.00202,224.0,226.0,23.945526920000045,126
1430352000,226.009,239.654,225.68502,237.3075,49.81298221000004,123
1430438400,235.51481,238.97102,231.21,231.2625,40.41757762,47
1430524800,233.7889,239.0898,231.38622,234.14507,21.208736090000013,89
1430611200,237.02975,242.5025,236.178,240.36019,24.954473130000004,75
1430697600,239.72914,242.105,236.188,236.915,13.001727519999998,27
1430784000,239.01726,239.111,231.4225,235.5925,13.80311816,28
1430870400,234.87595,239.34991,227.001,227.355,50.74630823000003,196
1430956800,228.14,242.44468,227.0,236.57249,26.425286840000044,130
1431043200,237.48492,243.0,234.801,240.51051,13.630789749999998,67
1431129600,242.99792,243.0,234.131,241.74408,14.439829509999997,50
1431216000,240.00101,242.62143,236.13,239.24004,8.451411419999998,39
1431302400,239.74405,243.14501,238.8025,241.85502,35.80541256999999,86
1431388800,240.1926,242.98998,237.551,241.22251,33.584847880000005,30
1431475200,240.49885,244.0,235.08017,235.09016,62.42848395,71
1431561600,235.55015,237.99,235.0,236.47,7.2781775899999905,59
1431648000,238.50938,240.05,237.48957,238.97589,1.2217890299999998,12
1431734400,239.09771,239.38678,235.14465,237.34752,3.672374850000002,45
1431820800,236.00001,237.57015,235.6,235.8575,1.38585661,17
1431907200,236.59338,236.62001,231.90503,233.32992,14.678929359999996,31
1431993600,233.31987,233.90998,231.43364,232.78497,23.405443450000025,50
1432080000,232.29837,235.05813,231.09775,234.80351,23.319708860000006,38
1432166400,234.5493,236.0875,233.97392,236.0875,11.937029589999993,31
1432252800,235.05503,244.0,233.91251,237.59,63.87229533000001,120
1432339200,237.65145,240.83735,237.39019,237.39019,28.220204880000047,103
1432425600,237.53121,241.13249,237.53117,239.77001,10.848584689999997,32
1432512000,240.43468,240.43468,234.8325,236.18998,31.926954880000004,66
1432598400,236.04377,237.11249,235.17,236.01749,8.110579539999998,35
1432684800,236.99999,238.0,234.76661,235.29999,6.454212539999997,26
1432771200,234.03003,237.90344,234.03003,235.83266,1.6208711100000002,9
1432857600,235.87608,235.92495,234.91168,234.91168,8.43638,7
1432944000,234.00001,235.23954,230.55425,232.81331,13.466273359999986,51
1433030400,231.78254,235.85876,227.58963,227.58963,12.766791179999993,28
1433116800,232.40158,232.40159,222.03202,227.46908,33.95139536000018,290
1433203200,227.46541,229.49815,222.29114,229.49735,4.348696879999999,20
1433289600,226.00015,229.47843,226.0,227.0,25.400000000000105,177
1433376000,227.0,228.792,223.04,223.15499,49.478175190000336,432
1433462400,223.4874,228.2972,220.33904,225.00497,34.1477509800001,111
1433548800,224.70524,225.65381,223.70128,223.70128,5.359,4
1433635200,225.32953,225.32953,224.34529,224.34529,0.30000000000000004,3
1433721600,224.2211,229.02749,224.2211,229.02749,26.599046220000023,29
1433808000,226.79,230.91728,226.79,230.91728,2.41268494,5
1433894400,228.21045,228.23047,226.57075,227.26254,8.948799999999999,11
1433980800,228.68997,231.58709,228.24321,228.9225,33.69381729,22
1434067200,228.86036,233.15352,228.86036,229.44253,62.23318961,29
1434153600,228.76875,231.05546,226.14462,231.0402,25.31,17
1434240000,232.0,233.2925,231.19035,232.145,18.23294572,12
1434326400,231.34253,235.53501,231.34251,235.53501,20.06635670000001,21
1434412800,237.02991,251.0,233.81721,249.7075,151.33692178000007,150
1434499200,249.70751,256.3825,245.025,245.025,56.752617859999994,97
1434585600,247.29251,252.65981,244.0,247.5,29.808802890000003,81
1434672000,247.69004,249.63215,245.4938,245.5,117.09082535000002,107
1434758400,244.0,244.69417,241.5,243.85281,19.407221,60
1434844800,244.28501,244.95977,238.05336,241.0,41.90389999999999,30
1434931200,244.29239,248.08457,243.99,248.08457,39.36509483,44
1435017600,245.81001,245.81001,243.7221,243.7221,49.66488647,33
1435104000,242.8026,242.8026,240.1745,241.67089,1.3119699599999999,8
1435190400,242.77984,243.99919,239.5263,242.03894,16.469583950000004,47
1435276800,242.1,243.99982,242.0,242.0,1.7629862400000005,21
1435363200,243.3737,251.9275,243.3737,251.9275,33.661353739999996,64
1435449600,251.30249,260.0,247.45041,248.5,55.481095180000096,119
1435536000,250.58862,268.49818,248.8887,268.4679,95.24362098000002,116
1435622400,258.9349,273.0,258.49261,263.1766,69.98686215000004,259
1435708800,263.21271,265.02255,255.5,258.1036,69.00501192000017,168
1435795200,259.76038,259.76038,253.43004,254.73617,15.935686719999998,30
1435881600,254.51613,272.99996,252.87507,255.46944,21.853855600000024,75
1435968000,258.00644,262.99948,254.88804,261.999,15.30954274,43
1436054400,261.94,274.67998,257.11755,271.14397,70.31611004999988,136
1436140800,270.12751,278.0,268.13764,274.5894,96.11661019000002,159
1436227200,269.32707,272.16381,265.0,265.36,29.6454837900001,254
1436313600,265.36002,276.32316,265.36,270.04031,35.2089937900002,208
1436400000,270.554,275.66538,267.39002,271.99975,34.73785030000005,110
1436486400,268.95604,297.0,268.95604,284.54,167.37432052999966,513
1436572800,288.82289,298.98683,283.05827,293.59999,71.95677729000002,85
1436659200,291.69256,316.01249,291.69255,310.7575,143.19805555999991,212
1436745600,309.80751,310.58156,269.0,290.181,332.84911559000034,309
1436832000,293.07,295.97251,286.78751,288.70809,36.26405777,75
1436918400,288.77131,293.7899,285.83994,285.83994,10.411568259999997,41
1437004800,289.44823,292.0,273.40259,276.85939,53.22104189000001,81
1437091200,281.08639,281.30712,275.515,280.38,4.53804255,19
1437177600,281.0028,281.69369,274.92386,278.01,14.072366499999998,30
1437264000,279.33139,279.57307,274.31656,275.54,0.47246337,5
1437350400,277.26347,280.40143,276.72252,277.56408,83.54116649000002,45
1437436800,279.41478,281.40693,276.4525,277.48,21.25397321,35
1437523200,276.666,279.38271,275.31,276.975,59.565350600000016,57
1437609600,278.3975,278.3975,276.02902,276.89,24.713632549999996,51
1437696000,276.18001,290.0,276.18001,289.26089,41.54499047000002,62
1437782400,286.69717,291.8117,286.67015,288.91613,27.55936554000001,33
1437868800,288.69692,293.8545,287.83081,291.28494,8.720577239999999,34
1437955200,293.36615,296.10159,286.55237,296.10159,11.071090709999998,25
1438041600,295.737,296.80402,287.0,293.56002,57.372600600000005,45
1438128000,293.51367,293.51367,280.00001,291.61259,29.305745770000005,38
1438214400,288.56174,289.235,280.00001,288.0,31.242995199999996,28
1438300800,285.34906,293.47977,280.00001,293.47977,40.83809560000004,63
1438387200,290.25283,292.0,277.12003,283.2674,63.83871723000056,515
1438473600,285.0035,289.88983,277.9052,283.8413,0.8987923499999998,15
1438560000,285.4046,285.51,280.57,283.87017,18.342827380000003,32
1438646400,282.70008,287.68162,280.53092,287.67861,21.607237680000015,25
1438732800,284.505,287.77,281.00001,281.00001,36.88717861000001,25
1438819200,281.0,286.95751,278.60106,278.66964,13.812676190000001,42
1438905600,278.67,290.0,274.15182,280.85541,62.78561679999999,58
1438992000,280.28011,283.77999,259.20268,264.2,29.299670620000036,96
1439078400,264.19997,269.76927,258.0,269.76927,14.823358109999997,118
1439164800,262.49,273.88,262.49,266.84753,19.70776689000001,65
1439251200,264.2,270.0,260.0,270.0,99.12175366999993,162
1439337600,268.97047,270.0,265.48598,267.0254,61.30881062000003,98
1439424000,267.47934,268.0,261.6437,265.19999,138.97618378000018,229
1439510400,265.19999,270.0,262.00638,268.0,368.6367937400012,486
1439596800,268.32981,269.21723,265.22,265.22,164.3289478800001,215
1439683200,265.22,270.0,257.0064,260.41942,265.96926855999715,734
1439769600,261.5,263.12,257.5721,258.6391,86.53270709999998,77
1439856000,259.0784,259.93483,188.10761,223.00277,683.1979918999992,311
1439942400,204.39327,245.0,204.39327,230.084,239.38614274999858,464
1440028800,230.084,238.70954,229.0338,236.8741,508.09991938000303,708
1440115200,236.99999,238.70966,232.61804,234.28494,148.2441242600001,223
1440201600,235.012,235.31862,223.09997,231.99031,160.87552293000007,99
1440288000,232.37909,232.37909,226.07,228.13041,52.24048713000002,42
1440374400,226.23081,227.19522,209.78753,212.70097,393.06724432999994,306
1440460800,211.85102,235.98998,204.01,224.49439,433.9097843300075,553
1440547200,225.8616,243.3788,223.11341,226.38149,154.68776979999996,334
1440633600,228.2424,233.0,225.30789,226.011,172.04794017999916,235
1440720000,225.3427,237.9801,222.5718,232.6416,264.3752689900005,1092
1440806400,233.0357,234.97411,228.95384,230.77732,99.84734176999947,262
1440892800,231.72,233.10008,226.67792,228.95377,60.62931026999999,105
1440979200,228.84,233.51,225.9989,230.92,98.38033774999994,138
1441065600,231.0852,231.12,226.87,229.49,101.21826624000006,248
1441152000,229.49,232.99117,226.81932,230.04,191.17766218999998,83
1441238400,229.14001,231.13283,226.17,226.9388,291.8041028899979,548
1441324800,226.9796,231.79,226.55001,231.01,151.62819272,79
1441411200,231.0099,236.9999,230.24725,236.3209,173.96860231000008,144
1441497600,237.0,243.37667,237.0,241.98999,112.16443429000002,63
1441584000,240.3301,242.7792,239.13181,241.07,148.82119427,67
1441670400,240.35001,246.51,240.35,243.2677,253.51738310999937,392
1441756800,242.56,244.9708,238.18137,239.01,202.535194359999,293
1441843200,240.1,240.4586,236.99,238.1631,35.12512335000001,65
1441929600,239.97,242.11885,238.84814,242.11885,128.37422917000004,112
1442016000,239.45001,241.6,233.67,235.78,55.15843051000008,129
1442102400,235.5114,236.96,228.68,230.0,135.95878350999982,239
1442188800,230.0,232.638,226.32,230.6536,418.2882795600117,1379
1442275200,230.6536,232.32408,228.6,230.79412,122.0930929199987,597
1442361600,229.35,232.19999,226.91,229.08477,65.82978823,44
1442448000,229.99,236.0,227.88,233.37,43.24149774000002,44
1442534400,232.78,235.49999,231.92,232.8278,62.93082529000039,374
1442620800,231.62638,233.29,230.0,231.61,71.09367931999998,26
1442707200,230.55101,231.97,230.17,231.44,1.5724976599999998,9
1442793600,230.01,231.49,226.95,227.171,31.971268220000006,39
1442880000,226.3,233.85819,223.1,228.6,155.15770741000006,157
1442966400,230.36137,231.07552,228.23299,230.24,101.29424726,41
1443052800,229.71,234.995,229.71,231.7824,41.48737715999997,77
1443139200,233.463,237.19999,232.35515,236.0,142.0090481299997,147
1443225600,234.01,235.77546,233.46,233.49,52.56174906999999,22
1443312000,233.37,234.0,230.62,230.62,29.86936408,10
1443398400,233.996,239.97,233.996,238.488,121.69358914999995,106
1443484800,238.33273,240.0,235.0046,238.01963,94.54477411,131
1443571200,236.04,237.91999,235.00002,236.0,40.92350767,37
1443657600,235.6,238.0,234.58813,237.8,36.273600970000004,37
1443744000,236.46,239.85654,236.42883,236.42883,71.12895357000002,27
1443830400,236.48,238.8,236.46,238.8,18.641990000000007,27
1443916800,238.0,239.94586,237.6,238.96704,9.3187,13
1444003200,237.634,240.44219,237.16401,239.48001,84.78669666,51
1444089600,240.26001,248.38999,239.72001,244.53,87.21231480000007,70
1444176000,246.0,247.19999,234.55,241.21889,131.57133203,96
1444262400,243.646,244.73,233.0,242.7,112.92422459,119
1444348800,242.52,244.87149,241.74515,241.74515,110.72498391000002,42
1444435200,243.55005,245.64004,243.21004,245.64004,6.2484354,14
1444521600,245.70007,247.12,245.05544,245.11008,43.17924283000001,29
1444608000,246.689,247.11,244.00006,245.61063,28.36413564,21
1444694400,245.2844,249.50999,244.01,249.0,118.50431753999997,54
1444780800,249.99999,253.6601,241.0,253.638,100.17277148,143
1444867200,254.0,255.0,251.86004,253.5587,105.34612963999999,54
1444953600,254.27414,268.50765,253.00001,258.0,272.76275349999986,134
1445040000,260.97009,270.99943,260.97009,270.0,96.85473612,105
1445126400,265.2,267.60998,251.0,251.0,63.87121821999998,82
1445212800,258.86,265.734,258.86,264.06003,23.86617998,97
1445299200,264.9,270.0,264.0,270.0,144.11713514000002,91
1445385600,269.42374,270.73997,264.57,266.59313,178.92602149000012,67
1445472000,266.21318,278.0,263.73009,274.19999,70.22716308999995,82
1445558400,270.0,279.31107,270.0,276.6418,100.39077665999996,153
1445644800,277.8,283.56878,277.8,283.37508,76.2612218,78
1445731200,284.96999,294.475,282.44,282.44,115.09849691000002,113
1445817600,284.40969,286.0,280.64454,285.25,70.39117582000002,73
1445904000,285.4196,296.31,285.239,292.5071,248.20929467000013,155
1445990400,294.41245,305.0,290.00002,298.0,142.90255577999991,265
1446076800,297.01,317.84465,296.4,312.11121,126.22214068000001,290
1446163200,312.026,333.0,311.7704,325.0,329.35751846000016,281
1446249600,325.75,331.0,306.1304,306.1304,56.64782291000003,148
1446336000,313.46084,320.0,304.69003,320.0,57.39355944999998,88
1446422400,320.0,360.0,314.0,358.16998,190.4801703899997,262
1446508800,349.49896,418.97,307.23,397.76999,388.87841974000054,442
1446595200,398.8904,489.99,368.48525,408.96258,426.16404143999983,579
1446681600,395.24652,438.71737,341.0,380.0,193.92428549000002,271
1446768000,382.0235,390.0,346.34009,362.06,96.24049675000003,235
1446854400,372.89997,389.81,368.0,383.89,53.70277448000008,99
1446940800,374.08774,385.0,352.0,371.7638,76.55927286000005,283
1447027200,371.36138,379.0,350.0,367.0,52.94763437000002,331
1447113600,367.0,378.99,327.26001,338.0,123.71673470999983,272
1447200000,338.0,341.0,300.0,304.80001,140.32538734999997,292
1447286400,309.197,341.0,301.56,336.0,184.04841207999993,184
1447372800,329.04,340.1788,326.5,336.9484,114.87871333999999,82
1447459200,337.92176,339.47,326.03001,329.7431,51.78549369999999,61
1447545600,330.69427,333.73999,315.00001,315.00001,73.53327846000002,73
1447632000,315.9809,330.0,315.70073,321.90688,83.01478014,108
1447718400,329.65,336.88999,329.65,330.0,87.42883721999996,169
1447804800,330.0,334.74999,326.00001,326.50003,59.65146845000002,90
1447891200,332.7,332.70988,323.07088,326.25999,46.066167209999996,97
1447977600,323.07088,323.07088,310.0,317.21,78.94460649000003,134
1448064000,319.97584,324.37,319.97584,322.8,4.5720700899999995,27
1448150400,325.0,325.0,319.03328,322.85,36.66267746999994,48
1448236800,320.0,323.5,319.0,322.68425,68.88624189999999,40
1448323200,319.0,325.0,316.01323,323.48,349.5248530200008,124
1448409600,323.3,330.0,317.57001,329.69,175.52180748999996,71
1448496000,329.70784,370.0,329.7,350.55,136.62112404999993,314
1448582400,351.51,364.0,350.53001,360.0,83.17191044000002,63
1448668800,354.0,359.0,350.27786,356.49998,54.90819496000001,38
1448755200,357.43899,373.76998,353.03001,370.39,87.69965570000002,110
1448841600,370.39,380.67998,370.39,378.49993,79.73365201999997,128
1448928000,377.68718,378.47,355.0,361.582,442.0814447999999,152
1449014400,362.4066,362.4066,349.20001,358.69,228.55621081999996,124
1449100800,359.46,370.0,356.988,361.298,1144.6329573600028,519
1449187200,363.6827,365.0826,357.48405,364.93447,50.813901439999974,88
1449273600,364.32,390.58431,363.93001,387.65,205.33255949000008,164
1449360000,391.37999,404.21397,386.01,387.6548,170.31993018000006,132
1449446400,386.4955,398.0,384.07,395.3,241.34641004000014,141
1449532800,391.88,415.0,388.52,415.0,259.51137300999994,236
1449619200,414.97999,420.0,404.0,416.33,265.76156528,278
1449705600,417.27,420.0,410.01286,416.0,233.11669731999984,162
1449792000,417.83305,445.0,417.83305,443.119,461.3582214600003,419
1449878400,443.119,463.99999,407.13518,431.0,238.98760812000003,305
1449964800,427.48657,438.0,418.36999,432.0,40.15370005000001,75
1450051200,430.0,445.0,426.21,442.0,302.06599034000004,169
1450137600,443.0,464.98,430.01,464.98,187.27926950000023,303
1450224000,461.60483,461.63003,441.0,453.6486,183.79328989999993,193
1450310400,450.3476,459.15315,445.00001,451.03435,67.71351772000001,82
1450396800,455.0,467.69074,452.27193,464.97099,92.69887504999996,66
1450483200,464.76094,464.96,455.0,458.01,52.990593350000005,41
1450569600,458.9,460.48999,436.0,441.22,166.610861,134
1450656000,442.0,446.95575,426.69595,441.74999,193.73980497,119
1450742400,440.56114,444.25,434.29292,437.69,40.91631382,77
1450828800,437.7,445.99,435.46883,444.83,66.44749549000002,48
1450915200,443.99,458.0,443.99,452.71225,60.26048776999999,63
1451001600,455.33901,457.95,451.12,457.83999,4.066762059999999,15
1451088000,451.12,451.12,409.0,417.47,216.29296295999987,333
1451174400,413.0,429.72,409.40689,427.29,26.981862029999995,57
1451260800,427.29,429.36,418.78109,424.3,108.74893910999997,76
1451347200,421.09481,432.5,420.3989,430.95,148.2647171900001,121
1451433600,433.3,434.99999,420.0,424.30871,48.78505383999999,87
1451520000,424.45,431.31,416.60843,431.31,80.65263234000003,57
1451606400,434.17899,434.96999,430.74,431.50531,14.348579959999999,13
1451692800,434.0,434.99,430.32476,434.98,26.75948217000001,169
1451779200,434.49,434.49,422.98,426.57001,23.61102955,34
1451865600,427.77001,433.96,426.56,431.08415,40.87598514,60
1451952000,431.06001,434.7299,429.0,431.32,34.082065099999994,73
1452038400,431.3299,431.3299,427.58056,429.99,20.047904969999998,39
1452124800,428.55,457.88354,427.78067,457.88354,132.76454268,151
1452211200,457.9999,460.0,447.6401,455.22,110.94217654999999,145
1452297600,452.85001,459.87181,450.0,451.38,84.78387587999997,76
1452384000,450.0,451.12999,442.05,449.13,42.677985290000024,100
1452470400,449.89328,454.53,443.81177,452.23059,110.19949601000002,143
1452556800,451.3155,451.3155,440.0,440.0,157.6837879,426
1452643200,440.0,455.0,427.17,433.9817,180.79213732000005,193
1452729600,433.0605,437.15,430.0,430.57505,44.44569491999999,90
1452816000,430.57505,430.91,364.49,364.49,629.5344978899997,764
1452902400,364.48,392.5201,351.76,390.328,516.3884063099995,574
1452988800,390.328,395.0,381.6,381.95022,133.94492996000014,157
1453075200,383.5708,391.82,376.58,390.1,243.0561327000006,554
1453161600,390.97,390.97,379.02,381.10022,68.61650782999997,78
1453248000,381.0438,425.1272,375.93,419.0501,792.6624189900003,491
1453334400,419.0501,425.78,406.05001,412.31,730.2346238900095,918
1453420800,410.6546,411.18988,375.52417,383.25,514.5195551400003,318
1453507200,384.29,395.0,381.36,385.80986,387.8284607799998,539
1453593600,387.96988,406.70999,386.58,400.68011,601.9007718500009,629
1453680000,401.25228,401.25228,387.17001,394.01,473.1331572600011,465
1453766400,393.36878,406.69999,390.45001,395.95,709.3699526199979,1252
1453852800,395.94988,401.4799,393.11001,395.35535,200.92198807999978,536
1453939200,396.55,397.84,376.96522,380.0,316.96745170000526,1008
1454025600,380.0001,385.63,365.0001,379.91559,613.790435380007,1437
1454112000,379.91559,382.47158,376.12,378.0001,207.77435070999994,219
1454198400,379.22745,380.9998,366.16011,369.18991,209.20134690999924,633
1454284800,369.18991,379.99987,366.16054,372.19,525.1390290900005,683
1454371200,372.15,376.67565,372.00001,373.4899,361.86236674,254
1454457600,372.44,373.59732,365.78233,368.14,218.30959837000006,183
1454544000,368.66,392.0,368.66,389.71,381.7591722300001,368
1454630400,389.71,390.55961,382.47764,387.22,476.1787044600053,703
1454716800,384.00012,384.94113,367.70524,375.7,414.8974011800007,339
1454803200,375.7,381.22988,371.5501,372.1236,183.5462161599996,426
1454889600,373.79,377.77941,371.6601,373.47,443.17404045999996,508
1454976000,371.99999,381.39723,371.26178,374.44476,817.4057750200002,651
1455062400,374.96927,384.75592,371.70825,380.00001,1174.1876985699992,1531
1455148800,380.0,383.95,373.67,377.76,1332.4993927499966,1800
1455235200,377.76,383.48999,375.76,380.91,977.5190912299956,1124
1455321600,381.45,391.14,380.91001,390.0,787.509865019997,1326
1455408000,390.99999,407.34542,388.7201,404.75079,656.2218172199986,943
1455494400,404.75079,409.30768,392.0,392.00087,713.8515228399986,878
1455580800,395.99769,408.6,390.10001,405.5,1024.4879117600003,1287
1455667200,405.23881,421.7991,403.01282,413.86,1199.2390611900005,2038
1455753600,413.49001,424.78854,411.46001,421.17,820.8566448099999,1289
1455840000,420.01,421.01,413.1337,417.5813,445.8489176199999,547
1455926400,418.49997,442.0,418.21018,435.0,1137.4809920099988,696
1456012800,436.15713,443.99999,422.49602,433.389,857.5771056099992,923
1456099200,431.20361,437.14394,422.0,433.5111,917.7651955299999,1311
1456185600,431.82001,437.14641,414.28892,417.47006,1204.3980829299976,993
1456272000,417.44374,427.1,408.14416,423.20278,768.1205027499992,768
1456358400,423.99999,425.99998,416.69864,421.85,746.2577867800004,900
1456444800,422.76984,433.0,417.64758,433.0,459.1762140800006,678
1456531200,433.04,435.99809,428.5,432.92,615.0079153499993,725
1456617600,432.49,434.98,421.07001,430.77929,177.42158980999994,595
1456704000,430.77929,442.0,429.28651,438.24,584.0427978499997,532
1456790400,437.893,439.406,422.794,431.48,1807.943662830003,1178
1456876800,431.48,432.475,412.0,421.17,1344.91873428,1313
1456963200,421.71,431.111,417.0,419.621,3659.1701621400007,2425
1457049600,421.33,424.49,404.87,406.67,3020.2604288699936,2641
1457136000,406.67,407.77,388.401,393.161,4395.326344200007,2998
1457222400,393.18,410.057,387.27,400.649,1730.3653139700014,1452
1457308800,400.649,414.12,397.395,410.01,1289.6788506399994,1669
1457395200,410.453,414.357,407.5,412.04,1315.059897339999,1163
1457481600,411.92,414.735,406.45,411.93,1564.1852525100019,1019
1457568000,410.52,429.702,409.42,415.83,2772.203134820006,2090
1457654400,416.5,423.65,415.0,420.349,1521.511433740001,1248
1457740800,419.19,420.589,406.15,406.655,4301.441010920018,2851
1457827200,408.681,413.615,406.66,408.32,2155.3791197699975,1990
1457913600,410.331,416.966,407.74,414.431,3341.5744087800044,2582
1458000000,414.5,417.089,412.173,415.14,1782.3582059000007,1382
1458086400,415.29,419.04,412.871,418.166,1605.640994669987,2282
1458172800,418.166,422.69,416.83,419.812,1841.7496279800005,1727
1458259200,420.995,420.996,405.031,407.901,3224.5335445600076,2479
1458345600,407.902,411.443,405.527,409.53,1850.6201761300035,1310
1458432000,409.92,414.818,409.92,413.639,805.3788763800013,782
1458518400,413.189,414.359,407.676,412.318,1344.264163680002,1177
1458604800,412.25,417.9,411.169,417.16,1649.5954635100013,1106
1458691200,417.89,417.98,411.89,416.0,1274.3178584599998,1029
1458777600,415.566,417.78,413.12,415.04,1187.8507354799997,1216
1458864000,415.03,419.759,413.61,415.341,943.394520849996,781
1458950400,415.851,418.4,415.28,417.573,978.5467908799998,469
1459036800,417.573,429.999,415.9,425.007,1292.9724924499985,822
1459123200,425.012,426.39,421.134,423.0,1137.4673078100016,970
1459209600,422.51,428.109,405.0,416.7,1234.4149427999957,795
1459296000,414.88,416.01,409.123,412.432,1042.9325974600033,957
1459382400,412.432,419.988,412.422,416.1,2093.3866110300023,748
1459468800,416.1,419.039,415.5,417.9,648.0454499299998,381
1459555200,417.9,423.17,417.9,421.0,524.0218400699996,351
1459641600,420.631,421.66,417.959,421.497,495.9346061900008,309
1459728000,421.48,421.6,417.542,420.99,582.4970091800004,397
1459814400,419.51,424.97,419.5,422.76,985.0174777500005,721
1459900800,423.0,424.611,421.56,423.55,891.8825002600004,581
1459987200,423.54,424.39,420.06,422.01,1047.5221841799994,358
1460073600,422.27,425.96,418.0,418.551,860.5745307000001,810
1460160000,419.351,420.75,415.0,418.079,847.1065851799992,611
1460246400,418.095,422.919,416.96,420.8,1653.5840856199995,1420
1460332800,420.65,424.5,420.226,423.53,1256.0919897299998,967
1460419200,423.0,430.358,423.0,426.71,1155.986383260001,1349
1460505600,426.69,427.71,422.0,423.538,1185.1441508299986,873
1460592000,424.12,425.772,422.385,424.519,513.18561871,397
1460678400,426.04,431.02,424.647,429.25,637.083220109999,470
1460764800,428.588,434.225,427.972,428.649,782.7684667300008,582
1460851200,430.1,431.366,424.578,427.55,561.6660206800003,507
1460937600,426.77,429.798,426.28,427.42,1041.3338300799983,922
1461024000,427.42,437.998,426.8,436.277,1174.73695004,589
1461110400,435.999,444.0,434.27,440.965,1573.4906900000003,710
1461196800,440.965,451.339,440.11,450.118,929.4930180599995,655
1461283200,449.166,450.09,442.7,447.559,637.1779783499996,483
1461369600,446.003,450.711,443.216,450.711,697.7999774399996,413
1461456000,450.711,460.0,445.4,459.5,1119.7909325600006,601
1461542400,459.5,469.69,452.5,461.882,1499.9278350000002,790
1461628800,464.358,470.0,462.085,467.49,903.1426913100005,617
1461715200,466.84,469.178,444.0,444.01,1581.6504855199996,835
1461801600,445.99,452.005,435.427,450.42,1765.423106609997,851
1461888000,450.49,457.59,447.39,457.59,943.25400149,574
1461974400,458.12,458.12,446.44,448.906,1183.0613226599994,1064
1462060800,448.904,454.469,446.851,452.072,286.45371154999987,232
1462147200,452.34,453.58,440.0,444.535,1356.185270649999,897
1462233600,444.552,452.52,442.52,451.75,1225.4034129199993,763
1462320000,451.52,451.725,444.86,447.841,716.8995933900006,399
1462406400,447.768,450.0,447.224,448.71,642.5431429200003,356
1462492800,448.71,462.369,447.171,462.341,1843.9283257500003,733
1462579200,459.57,462.152,457.92,459.47,280.7667734,243
1462665600,459.0,461.788,455.948,459.1,659.28489475,362
1462752000,458.08,464.99,455.99,461.99,1250.3342458500006,409
1462838400,461.721,463.49,450.0,452.13,1013.2435549199987,492
1462924800,452.569,455.0,450.99,453.21,1803.3180849899975,685
1463011200,453.29,455.95,449.394,455.95,840.4801152999986,682
1463097600,455.949,457.5,452.612,456.281,1285.4766046899979,675
1463184000,456.863,458.059,453.786,454.581,956.2046505599995,474
1463270400,455.4,459.787,454.14,457.649,273.8081032000001,267
1463356800,457.397,458.0,450.167,453.769,1269.23949153,788
1463443200,453.0,454.91,451.0,453.283,1103.6016418500014,791
1463529600,452.788,455.88,452.345,452.35,1306.2149135199993,731
1463616000,453.29,453.8,429.0,429.0,1400.3989499499987,1117
1463702400,429.0,442.629,427.061,435.255,974.527936270002,766
1463788800,439.8,441.0,431.012,438.551,674.1071331599996,495
1463875200,438.561,442.0,433.34,437.45,2794.53719104,964
1463961600,437.52,444.012,435.55,442.99,2893.73461032,1147
1464048000,442.99,445.785,441.48,444.516,1404.7129277900005,997
1464134400,443.06,449.21,443.02,448.3,615.1859046199999,559
1464220800,448.3,452.45,445.19,452.409,908.6985828399999,613
1464307200,452.409,477.0,452.409,471.471,1861.1456018499996,1860
1464393600,471.471,545.0,450.55,522.0,5187.825752730024,2987
1464480000,523.998,549.0,470.0,518.982,2604.0220903200034,2086
1464566400,521.349,540.0,518.977,529.0,925.907515079999,1142
1464652800,529.0,544.53,510.965,531.19,2715.7457612799963,2095
1464739200,530.834,541.77,485.895,535.565,1990.5126094499974,1295
1464825600,535.231,539.675,531.523,537.122,1856.9396563299995,737
1464912000,536.928,576.03,536.061,569.0,2673.1957729300007,1610
1464998400,569.382,588.71,562.0,572.447,2460.6930159099984,1250
1465084800,573.121,583.669,568.069,574.074,1174.5782429299998,755
1465171200,573.353,586.299,573.353,585.0,1021.7219864199996,723
1465257600,584.99,589.91,565.38,578.2,3445.007328210002,1388
1465344000,578.3,582.13,571.709,581.98,1349.381478710001,929
1465430400,581.98,581.98,571.596,575.014,1371.5856531599995,509
1465516800,576.286,581.8,572.878,579.77,1378.9535475599985,590
1465603200,580.574,609.436,579.28,609.421,1674.2025325100005,927
1465689600,608.726,683.057,603.0,667.063,5122.909722050026,3357
1465776000,670.47,717.794,659.001,703.369,3952.06851993003,3186
1465862400,703.369,703.95,647.264,685.75,4355.668581620026,2947
1465948800,683.665,697.594,671.578,696.0,1895.6068876299964,1485
1466035200,696.0,776.709,695.57,763.008,5718.336554970063,3857
1466121600,766.659,776.0,702.0,749.67,5828.113100360079,6772
1466208000,750.49,781.148,728.867,758.11,5967.985796740054,6077
1466294400,758.23,769.99,745.03,765.49,2490.4972215100042,2780
1466380800,765.692,768.827,725.02,735.39,3884.35568689,3061
1466467200,733.561,735.0,630.203,667.725,8380.675482760029,6092
1466553600,666.65,679.853,580.0,601.936,7182.348030100023,4459
1466640000,599.88,635.0,551.494,627.375,4783.671586370031,3980
1466726400,628.343,762.24,627.59,672.203,5927.377383540172,5763
1466812800,672.29,703.335,641.414,673.893,2249.5604641099867,2518
1466899200,673.7,676.205,615.257,630.0,1331.1999728500057,1867
1466985600,629.999,664.076,627.0,663.499,1268.6998877199974,1121
1467072000,663.82,664.857,640.0,649.322,2469.8046969300003,1971
1467158400,647.5,648.349,615.854,643.119,2069.45225032,1266
1467244800,638.567,675.0,635.0,671.524,1678.3223918999945,1323
1467331200,672.22,691.204,665.851,674.0,2086.281579239984,2194
1467417600,674.67,703.95,674.67,702.31,1237.9728481299999,1310
1467504000,703.95,703.96,644.65,655.84,1542.9453455699968,2153
1467590400,656.331,684.73,645.0,675.001,1718.815203019983,1490
1467676800,678.848,683.078,659.566,669.21,902.8708275500027,1219
1467763200,669.45,681.99,666.01,677.1,929.8998087600021,1181
1467849600,678.84,681.99,610.699,640.4,2885.2916483300014,2548
1467936000,640.4,671.933,634.04,671.436,1828.5611751100018,1808
1468022400,671.932,671.932,622.0,652.0,1908.2959528299957,2259
1468108800,652.0,655.65,642.425,650.07,450.16783226000047,632
1468195200,652.54,663.315,645.315,650.78,814.1572577600055,1100
1468281600,650.72,675.98,647.14,666.0,1014.4100953400003,1178
1468368000,665.41,669.795,655.1,655.11,949.5952512799963,1234
1468454400,654.22,665.916,650.0,662.99,1106.7690507999966,1447
1468540800,661.25,668.999,660.0,665.15,1151.6011426799987,1393
1468627200,665.15,669.102,661.0,665.0,435.8446021500006,621
1468713600,665.0,685.0,661.52,681.86,933.5953672499967,1598
1468800000,680.3,686.0,667.584,674.79,1292.0310866399986,1144
1468886400,673.93,676.55,666.016,673.092,996.3295044500001,1003
1468972800,672.721,676.148,660.0,666.161,1575.1297859599983,1354
1469059200,667.49,669.459,658.891,665.88,530.5869998599998,730
1469145600,665.549,668.969,644.545,651.15,1532.279468250006,2050
1469232000,651.15,660.0,645.939,657.718,712.3452912399998,1161
1469318400,657.718,668.438,651.98,663.366,884.0548109600007,1548
1469404800,661.73,664.675,651.736,651.736,857.4698846399986,1193
1469491200,653.153,659.1,642.5,650.0,1148.2048131900012,1728
1469577600,651.82,663.942,648.0,656.979,1752.7273389200018,2448
1469664000,656.979,661.1,651.696,656.08,876.4761842400044,2499
1469750400,655.98,659.569,651.697,656.86,995.0728644799985,1258
1469836800,656.869,658.177,651.9,655.72,447.1376182800005,759
1469923200,653.74,655.799,620.0,622.57,1375.0225087599943,2105
1470009600,623.52,627.046,601.012,602.551,2570.0998940299933,3597
1470096000,602.552,611.436,479.0,540.0,7786.687369559992,8880
1470182400,539.599,572.0,515.271,569.82,4713.470466620002,4193
1470268800,567.576,588.999,566.157,582.683,2734.728864400003,4229
1470355200,582.68,584.41,567.408,575.64,998.1100836799989,1720
1470441600,575.64,597.998,569.876,591.758,1052.8644335799993,1777
1470528000,591.759,607.508,570.11,595.0,1340.1912449100034,2563
1470614400,595.5,597.348,585.0,591.831,936.9469850699973,1621
1470700800,591.831,592.0,583.2,586.22,1063.7565360399974,1855
1470787200,586.308,603.144,582.0,591.0,1865.6486416599967,2737
1470873600,590.061,599.98,588.0,588.01,1587.0839852300046,1960
1470960000,589.37,592.187,582.51,588.32,945.7627819699986,1684
1471046400,586.69,590.79,581.101,584.82,521.8808989200002,545
1471132800,583.84,584.58,561.4,570.56,1012.7924713899986,1039
1471219200,570.56,575.0,561.479,566.52,792.2539268300002,972
1471305600,568.25,587.803,565.338,579.61,1213.8736875400004,972
1471392000,579.61,581.061,569.541,573.28,745.9175095200015,944
1471478400,573.679,579.36,570.811,575.56,611.8972352099996,699
1471564800,572.79,577.987,572.22,572.9,598.6882949499994,603
1471651200,572.95,584.0,572.03,582.15,471.84445332000064,925
1471737600,581.331,586.12,577.519,581.53,389.9323246600002,492
1471824000,581.301,592.132,579.85,584.99,797.8608770100013,825
1471910400,586.0,588.99,580.1,583.38,778.6635639300002,974
1471996800,584.86,587.713,579.36,582.109,534.2923296200001,877
1472083200,580.999,582.247,569.89,576.94,1354.07377126,1056
1472169600,577.08,580.512,572.994,579.36,327.02301869999997,569
1472256000,579.35,579.705,564.271,570.22,649.6957630699987,1027
1472342400,570.16,580.965,568.464,576.043,561.1987868000016,1088
1472428800,578.99,582.01,570.471,575.492,860.0640549800007,745
1472515200,573.552,581.7,573.416,578.96,722.8615637400009,1193
1472601600,577.24,578.83,569.42,574.22,493.3708705900026,1359
1472688000,574.21,575.0,568.235,572.0,1005.5314373099992,2271
1472774400,572.0,577.1,565.556,577.1,1057.9343312399956,1283
1472860800,576.653,605.325,572.131,601.0,1284.6858922999968,1250
1472947200,601.0,616.68,598.297,609.74,955.0845385400016,1023
1473033600,612.299,612.299,602.001,609.874,729.3453870099996,634
1473120000,609.634,613.999,605.0,612.001,486.0962289499995,812
1473206400,613.318,617.375,606.35,617.335,1021.4784674899995,1072
1473292800,617.333,635.62,615.0,631.119,966.3258485100031,1153
1473379200,627.083,630.075,621.249,626.1,576.5847536,843
1473465600,625.78,629.241,622.771,624.889,437.36595566,813
1473552000,624.889,634.77,595.162,608.256,804.9940153700005,1205
1473638400,611.299,613.541,607.153,611.107,512.1782085700003,848
1473724800,611.107,616.999,607.761,615.289,735.5770848400012,919
1473811200,612.37,616.845,610.75,613.971,657.9752635700003,810
1473897600,612.5,615.8,609.051,609.962,533.7651080200009,632
1473984000,612.917,613.0,606.667,607.98,448.5114635100009,734
1474070400,610.083,610.084,604.583,606.8,325.56070612999963,470
1474156800,609.93,614.509,607.29,611.989,325.86890767999995,606
1474243200,612.94,614.59,605.059,609.2,619.1542609499994,581
1474329600,611.059,612.0,603.8,603.8,884.3940134600005,807
1474416000,603.106,603.106,592.002,599.65,985.5019634300003,1120
1474502400,598.925,600.758,595.053,595.053,502.42684120000024,511
1474588800,595.071,604.557,595.07,604.168,507.52146257999965,443
1474675200,604.169,607.632,601.5,603.999,309.57007911,427
1474761600,601.7,603.889,598.0,599.998,453.3241107300002,307
1474848000,599.998,608.98,599.0,608.98,770.1559447200004,608
1474934400,608.978,609.109,600.689,606.505,719.7745401400008,619
1475020800,606.577,607.589,601.849,604.999,416.2964526600004,467
1475107200,604.999,609.304,604.25,607.369,494.69180025000065,530
1475193600,607.368,612.5,604.026,612.5,544.4203139199996,466
1475280000,612.5,617.299,612.0,614.385,440.3560116000006,404
1475366400,614.27,615.98,607.148,611.837,354.2413051300003,309
1475452800,611.758,613.661,609.02,613.598,569.2637037500003,362
1475539200,613.597,613.598,608.001,612.0,431.40377901999983,656
1475625600,611.998,616.091,608.939,614.956,833.7972539900001,978
1475712000,614.999,615.967,611.258,614.996,388.8517043699994,659
1475798400,611.965,623.0,611.352,618.529,1659.7947488599978,851
1475884800,618.501,623.102,617.55,620.79,524.7964135799996,731
1475971200,620.01,620.79,615.006,616.51,366.43895809000026,549
1476057600,615.851,619.9,614.829,618.76,755.655561289998,980
1476144000,618.86,645.415,616.32,643.355,1431.659503280003,1235
1476230400,640.976,643.415,633.282,635.28,779.21833023,785
1476316800,634.731,639.975,630.15,634.243,753.8126175999998,1032
1476403200,634.243,643.0,631.686,640.61,936.3507283799981,813
1476489600,640.61,647.0,636.396,640.749,538.2128879899991,546
1476576000,640.749,645.06,638.75,643.28,200.57673783999996,325
1476662400,641.521,643.549,637.8,640.976,613.6449473799977,962
1476748800,640.99,641.1,634.101,636.97,594.4844496299999,611
1476835200,636.508,639.636,623.734,631.5,1049.2786976299985,1143
1476921600,631.499,633.416,627.011,630.05,457.2980730599997,449
1477008000,630.05,638.0,630.05,634.43,735.8791342800025,777
1477094400,634.449,669.86,627.0,661.223,1480.4435241299977,1457
1477180800,663.499,669.0,652.793,657.683,785.1307287299999,873
1477267200,655.255,657.88,645.807,652.63,1362.23293953,1130
1477353600,652.63,664.0,651.99,655.889,1664.2353218700055,1769
1477440000,655.889,679.0,655.303,677.318,1596.707147460002,1746
1477526400,677.318,687.844,674.629,686.788,1530.0963091199953,1607
1477612800,686.781,691.784,682.851,690.0,1209.1682264999993,1339
1477699200,690.0,722.01,688.352,713.99,1649.026224060001,2733
1477785600,713.949,713.989,688.0,700.917,1750.7801287500045,2630
1477872000,700.079,708.899,685.7,698.919,982.6310454799984,1476
1477958400,698.79,739.488,697.91,733.744,2336.21997665001,3162
1478044800,733.742,747.07,722.89,747.07,1902.39363235,1876
1478131200,747.07,750.5,673.407,692.179,4169.139505900012,4045
1478217600,692.902,709.998,682.311,706.036,1904.9100133299933,2014
1478304000,706.036,714.471,698.478,706.478,630.6877289800002,969
1478390400,706.46,721.458,702.879,715.497,638.7440988300002,1019
1478476800,715.0,715.413,700.16,707.345,917.3699813799994,1170
1478563200,704.142,718.3,704.142,712.5,967.3491788899998,1099
1478649600,712.69,745.492,708.682,722.4,2759.3179613700095,2452
1478736000,722.4,724.696,706.0,714.0,1231.3800137199987,1398
1478822400,713.503,718.99,712.002,717.75,719.8583946300004,1079
1478908800,717.74,719.1,701.348,704.0,722.7137968199992,1381
1478995200,704.399,706.794,685.327,701.67,1072.4686373699997,1450
1479081600,702.7,709.0,697.791,706.994,785.1084939699997,787
1479168000,706.999,717.0,706.081,711.31,848.9377131699994,957
1479254400,710.87,744.8,709.0,741.603,2465.3395532699974,2749
1479340800,741.875,760.814,733.3,739.1,3453.915169230011,2828
1479427200,739.088,754.0,733.01,752.232,1730.4424848199938,2131
1479513600,752.232,763.11,735.0,751.99,1420.0266909999968,1676
1479600000,751.99,757.0,713.0,729.677,1413.783355509997,2521
1479686400,731.0,741.0,728.33,738.0,545.09034298,834
1479772800,737.999,752.614,733.83,749.76,1806.774640099994,2014
1479859200,749.76,750.0,731.06,741.98,1283.5342292799942,1906
1479945600,742.489,745.11,730.0,738.44,867.1983952799985,1875
1480032000,740.459,743.0,730.345,742.14,985.0119725999924,1816
1480118400,742.479,743.3,726.0,733.17,678.2360923899982,1273
1480204800,733.26,739.0,727.2,729.93,637.789927209999,1188
1480291200,729.885,736.071,728.1,734.17,819.240542249995,1300
1480377600,734.173,735.555,728.5,732.0,1062.3350739599994,1802
1480464000,732.0,743.559,731.015,742.396,1169.441170109999,1565
1480550400,742.396,754.5,740.89,752.489,1292.503466519999,1658
1480636800,753.999,781.976,752.633,773.499,2472.778860129994,3073
1480723200,773.501,773.509,757.12,764.745,667.6922255699988,1136
1480809600,765.897,772.57,762.43,769.0,561.9478394799993,1182
1480896000,769.0,770.0,745.928,752.079,1724.4374236099986,2196
1480982400,752.079,760.03,750.101,758.383,1157.9939713799952,2422
1481068800,758.0,770.0,753.779,765.011,812.3359240599997,1306
1481155200,765.008,779.499,762.001,768.288,801.5643117799989,1208
1481241600,768.834,774.999,767.0,771.668,813.7855693200008,1115
1481328000,773.588,778.555,771.239,775.0,694.8646041999983,1034
1481414400,775.421,775.421,762.02,771.681,628.4658587000005,1078
1481500800,771.325,783.263,768.702,778.074,1031.1339705099972,1516
1481587200,778.226,789.0,770.001,778.72,1060.5685413099998,1605
1481673600,778.0,783.086,774.0,777.559,912.3510875699966,1523
1481760000,777.56,781.498,776.526,778.11,757.4429141599868,2850
1481846400,778.5,785.979,776.0,785.41,1067.2474277799963,1636
1481932800,785.41,795.0,785.33,792.969,628.4226104099995,1206
1482019200,792.989,794.44,786.5,794.211,368.00924406000144,915
1482105600,791.371,794.44,790.5,792.54,652.2023605100018,1450
1482192000,791.686,806.099,790.0,801.249,1204.5882217300032,2448
1482278400,800.199,830.0,796.474,830.0,1934.6434957499873,2795
1482364800,829.999,877.994,826.02,860.0,2489.4209506399957,3444
1482451200,860.07,922.93,859.01,918.19,4130.372081650007,4458
1482537600,918.2,923.869,884.33,895.47,1563.1424557799946,2264
1482624000,895.399,900.344,853.368,896.799,1642.7195426799924,2568
1482710400,896.72,917.53,888.96,901.501,1837.2796571699953,2689
1482796800,904.609,939.0,900.0,933.0,1772.724887859998,2105
1482883200,936.934,979.99,935.35,978.001,3290.4234001000077,3571
1482969600,979.87,982.0,950.0,974.32,2551.012223159994,2841
1483056000,974.32,974.32,920.017,960.769,2162.4425841599978,2969
1483142400,960.66,971.726,940.013,967.45,779.9047245599992,1907
1483228800,968.75,1010.0,961.37,996.121,1478.1906616799952,2379
1483315200,999.497,1034.931,997.02,1017.791,2307.0953183699994,3260
1483401600,1019.997,1039.838,1010.0,1038.25,1669.6057557300028,3252
1483488000,1039.309,1150.0,997.23,1133.219,5566.10435777004,8448
1483574400,1133.219,1156.9,879.01,1005.99,8500.093266640073,12818
1483660800,1004.41,1059.196,868.384,895.723,5748.6178469100405,6970
1483747200,898.43,912.668,804.0,908.0,5257.78151447005,6074
1483833600,912.654,939.998,890.0,916.939,1997.5745416399939,3377
1483920000,913.121,916.829,878.0,905.01,1317.2861754499986,1935
1484006400,905.062,916.687,898.1,909.517,1198.199894410002,1433
1484092800,909.999,924.59,765.432,789.884,9817.798898290106,8139
1484179200,783.0,837.999,756.001,807.794,4234.770533640007,4417
1484265600,809.979,839.0,776.81,832.9,2988.1223994099964,3547
1484352000,834.0,846.946,811.0,818.651,1682.1547639399994,2889
1484438400,821.559,833.0,811.93,827.139,1182.9609448299966,2030
1484524800,825.951,840.6,822.145,832.806,1343.4403421599966,1665
1484611200,834.634,920.0,832.98,906.393,4616.877706260033,5008
1484697600,909.27,917.0,852.111,892.311,3303.9089603300067,4075
1484784000,892.402,909.0,888.0,900.11,2525.66719507,2243
1484870400,900.238,907.104,885.0,898.619,1625.5936264399909,1740
1484956800,896.589,928.081,896.082,925.298,2087.0009082099987,2134
1485043200,925.298,939.91,888.0,925.01,1996.7702896899984,2264
1485129600,925.27,929.92,912.622,917.968,1195.2076958799973,1437
1485216000,917.72,930.0,882.576,887.985,3501.5496964499985,3340
1485302400,885.71,903.325,885.694,896.89,1274.4290547499993,1359
1485388800,896.89,921.78,895.543,914.926,1179.8010975899997,1360
1485475200,915.79,925.0,910.0,922.299,1444.8992649399977,1139
1485561600,921.45,923.63,917.01,918.359,726.5883796800005,770
1485648000,920.749,923.76,915.702,915.702,599.4486024400009,672
1485734400,916.0,925.0,915.0,920.58,1286.1625823199993,1443
1485820800,920.63,974.969,919.002,969.739,3305.7554665900047,3073
1485907200,968.166,990.0,964.989,988.789,2383.458977650001,2656
1485993600,988.79,1013.991,975.975,1009.996,2584.644853710007,2762
1486080000,1008.22,1037.519,981.761,1015.21,3197.9354958300078,3459
1486166400,1016.291,1046.501,1001.796,1029.393,1805.7545396199998,2350
1486252800,1032.364,1036.0,1005.4,1017.886,1148.1862179799946,1918
1486339200,1015.35,1029.91,1013.75,1027.01,808.938482999999,1422
1486425600,1028.45,1055.0,1023.823,1050.998,1958.6770377899986,2000
1486512000,1054.214,1069.91,1025.4,1055.838,2968.7104345899897,3024
1486598400,1053.497,1079.91,940.006,988.38,6762.988040820048,7858
1486684800,987.431,1010.0,948.208,1002.726,2778.2826203100044,2740
1486771200,998.824,1018.488,993.001,1011.004,1312.082524369999,1929
1486857600,1010.599,1013.695,999.0,1001.017,825.8359894099996,1121
1486944000,1001.033,1010.0,982.01,996.391,1314.3619806699976,1500
1487030400,999.028,1025.0,992.094,1016.472,1851.3323840499877,3162
1487116800,1015.05,1020.0,1001.302,1015.75,1248.5193987799962,1787
1487203200,1016.739,1047.43,1015.75,1039.872,1918.2973676699994,2445
1487289600,1038.502,1063.923,1035.998,1052.065,2165.198877359996,2465
1487376000,1052.0,1069.794,1051.0,1058.909,1467.3891830300004,1459
1487462400,1058.88,1063.0,1042.952,1055.61,520.1517987400007,972
1487548800,1055.588,1093.327,1045.471,1088.68,1440.8705175499988,2149
1487635200,1088.67,1132.741,1080.0,1128.458,2575.1801649500107,3294
1487721600,1125.771,1139.999,1102.56,1125.669,2198.076013630004,2652
1487808000,1122.092,1193.43,1122.092,1182.0,3010.456730310002,3296
1487894400,1177.781,1214.973,1056.658,1185.0,4999.213947670011,5206
1487980800,1174.574,1185.0,1120.403,1146.834,2223.268882469992,2454
1488067200,1147.454,1184.44,1130.0,1167.0,1722.7463663100054,2621
1488153600,1167.0,1196.991,1161.98,1190.211,1837.6900549899965,2589
1488240000,1191.83,1208.5,1175.808,1180.0,2027.0816546800108,4147
1488326400,1181.998,1229.998,1177.179,1225.0,2248.9425515399917,3330
1488412800,1228.71,1282.385,1212.421,1254.0,2886.5382999999993,4795
1488499200,1254.0,1288.0,1235.278,1276.999,2729.1546147100084,4571
1488585600,1277.0,1280.235,1232.499,1261.266,1414.8723666500016,2028
1488672000,1264.63,1277.724,1237.775,1267.984,1203.81215827,1773
1488758400,1268.01,1279.91,1257.384,1275.0,1005.1618423400009,1986
1488844800,1274.904,1279.9,1158.448,1224.917,4081.7771292100006,4388
1488931200,1234.455,1238.11,1131.342,1143.387,3161.9638067399933,4480
1489017600,1143.388,1205.396,1105.0,1187.194,2289.8013480899986,3154
1489104000,1185.201,1310.982,968.0,1111.0,8294.810048739713,18790
1489190400,1107.563,1191.088,1105.002,1174.969,3741.85717652001,4532
1489276800,1174.82,1231.942,1138.0,1224.369,1965.5236239899932,4861
1489363200,1224.199,1241.058,1180.0,1230.0,4085.584838330005,7632
1489449600,1229.991,1259.722,1218.0,1243.995,2525.734718299993,3907
1489536000,1245.927,1259.0,1238.503,1252.92,2410.086247580006,3330
1489622400,1252.95,1255.92,1025.0,1165.1,6834.245689470012,10843
1489708800,1165.1,1165.1,983.9,1021.16,8378.760569020034,12410
1489795200,1030.249,1079.999,923.601,954.988,6809.696033190025,10082
1489881600,950.999,1039.998,943.896,1017.937,4299.738790270038,6301
1489968000,1007.44,1039.998,902.0,1030.0,3228.5602722899907,4665
1490054400,1029.999,1114.996,1029.999,1110.368,3491.8394508500073,4694
1490140800,1109.99,1113.0,975.626,1032.01,3833.9601078600044,4747
1490227200,1030.01,1052.63,1006.4,1024.03,2445.7846979100027,2927
1490313600,1025.002,1033.0,911.23,921.302,4800.939199290008,6266
1490400000,921.817,960.0,881.891,951.079,4831.807784379991,5999
1490486400,951.27,994.569,923.005,961.875,2850.426284739987,4145
1490572800,958.73,1044.437,948.323,1039.851,3334.3147879400103,4870
1490659200,1039.961,1067.8,1016.127,1043.281,4578.764175890034,5402
1490745600,1043.3,1060.06,1006.898,1043.43,3867.9775465400176,4608
1490832000,1042.141,1057.51,1022.79,1040.0,3219.4262762100057,4127
1490918400,1040.001,1088.959,1040.001,1079.78,3657.2304258600057,4857
1491004800,1080.03,1108.218,1070.0,1091.726,2543.2479095799904,2905
1491091200,1096.008,1117.955,1081.0,1107.459,3050.1323305400088,4334
1491177600,1107.221,1161.4,1107.221,1148.428,4134.647227629977,6553
1491264000,1149.967,1165.648,1125.0,1141.998,3244.8979569299836,5330
1491350400,1141.999,1146.883,1112.729,1138.16,2280.8012920099964,4805
1491436800,1138.21,1206.794,1138.21,1191.56,3858.675190470012,5894
1491523200,1191.74,1205.0,1175.203,1191.88,1736.1468299100002,2980
1491609600,1194.213,1204.999,1170.82,1182.47,1226.288964719999,2418
1491696000,1182.469,1220.0,1175.392,1211.0,1929.7680781299914,3365
1491782400,1209.66,1219.0,1189.449,1211.23,1624.6289077399913,2634
1491868800,1213.29,1234.622,1198.0,1223.499,1381.258066939991,2721
1491955200,1223.499,1230.411,1210.535,1219.149,1511.8499590500048,2728
1492041600,1218.615,1219.5,1151.0,1174.13,2865.6562462699962,3715
1492128000,1175.899,1197.992,1168.953,1187.991,1638.363791170006,2990
1492214400,1188.0,1198.18,1170.057,1175.008,1139.7635543199992,2034
1492300800,1180.53,1193.33,1175.0,1180.998,660.7788003300002,1367
1492387200,1180.994,1210.986,1175.0,1197.5,1856.5371894700013,3361
1492473600,1200.398,1218.0,1197.1,1202.378,2141.0172082999998,3346
1492560000,1202.39,1212.563,1197.1,1204.2,1959.4322794500474,8899
1492646400,1209.0,1249.478,1206.34,1241.877,2311.6524767599944,3204
1492732800,1241.873,1254.91,1236.01,1248.999,1985.638032389991,3293
1492819200,1248.985,1250.985,1212.0,1235.488,1659.24103,3014
1492905600,1235.397,1245.0,1228.0,1242.48,1303.8529493299968,4660
1492992000,1244.32,1259.496,1234.097,1251.016,1587.4541505099949,3468
1493078400,1252.3,1280.0,1248.42,1276.07,1624.2370837199871,3993
1493164800,1276.349,1314.701,1269.001,1290.521,3355.71416435998,5352
1493251200,1290.52,1345.466,1290.511,1333.7,3316.5889949399816,5131
1493337600,1335.493,1355.55,1292.14,1328.64,3550.7282977999994,6252
1493424000,1322.92,1339.229,1312.0,1335.926,2124.549596599997,4505
1493510400,1335.927,1352.0,1309.37,1350.717,1779.9676893799988,5117
1493596800,1344.601,1438.874,1325.76,1397.234,5314.138242440055,11773
1493683200,1397.237,1471.569,1381.436,1455.2,5160.183449120035,8909
1493769600,1454.501,1523.777,1446.247,1513.599,5193.276394820057,9345
1493856000,1513.598,1618.6,1450.0,1535.415,9172.901483310057,15636
1493942400,1535.418,1597.901,1491.335,1518.031,7859.931970980054,14881
1494028800,1514.473,1572.999,1513.705,1535.422,3478.6765069500034,8882
1494115200,1535.422,1563.363,1358.0,1505.164,5592.76035036005,15464
1494201600,1505.164,1677.399,1485.982,1670.059,7031.978863570133,16087
1494288000,1668.525,1768.681,1639.004,1721.749,8209.65256373011,20596
1494374400,1721.751,1794.0,1685.0,1782.0,5282.781347170007,11186
1494460800,1781.999,1886.616,1753.349,1836.059,7053.158543150018,11379
1494547200,1830.001,1837.981,1639.0,1698.188,6996.654217120012,12477
1494633600,1698.188,1795.633,1608.001,1783.57,5521.861340780019,8915
1494720000,1785.0,1818.0,1752.85,1788.04,2598.564179730013,5858
1494806400,1787.88,1795.16,1699.12,1739.75,4579.845223570002,8758
1494892800,1739.75,1791.262,1701.0,1786.85,6118.3497320300385,11080
1494979200,1786.841,1880.0,1763.403,1836.056,7585.591187730133,14710
1495065600,1836.05,2589.0,1821.072,1900.0,6693.382451500035,13374
1495152000,1899.001,1971.994,1851.535,1961.793,7582.8112188500945,16066
1495238400,1961.793,2046.477,1957.0,2039.114,6004.578791050022,12260
1495324800,2039.115,2096.837,1990.0,2011.106,5935.449350350049,13180
1495411200,2007.227,2197.192,1900.1,2085.992,9816.821747970072,25869
1495497600,2080.052,2249.998,2079.251,2231.967,7547.278184100024,20178
1495584000,2233.975,2474.72,2231.967,2408.24,9468.728442290048,24193
1495670400,2408.24,2722.237,2201.0,2259.2,14233.474710250186,32464
1495756800,2259.2,2573.693,2030.0,2203.709,10871.998856630007,26434
1495843200,2199.787,2290.0,1812.99,2008.0,12534.399147530154,34964
1495929600,1995.016,2270.0,1995.016,2137.213,7017.335737880086,24770
1496016000,2129.343,2326.33,2051.681,2245.273,4466.552588930009,15405
1496102400,2259.4,2315.38,2133.0,2159.097,7795.449750190067,21681
1496188800,2158.015,2334.739,2130.0,2291.301,8836.66199251007,18342
1496275200,2291.301,2456.11,2291.301,2399.0,10561.400872030017,22173
1496361600,2399.981,2497.65,2371.154,2487.183,7019.7456243900615,14018
1496448000,2485.432,2588.773,2450.409,2549.719,5467.767142690103,12224
1496534400,2549.692,2570.0,2480.0,2520.551,5772.8768271800445,12021
1496620800,2522.768,2692.373,2515.0,2690.0,6539.22652292006,11749
1496707200,2690.999,2934.278,2690.999,2867.0,11717.214782790188,23443
1496793600,2871.9,2885.0,2630.0,2690.001,7816.343358090069,17429
1496880000,2693.002,2818.052,2615.99,2811.631,5274.324026830024,11797
1496966400,2810.339,2865.339,2793.11,2816.467,3812.5535393100204,9267
1497052800,2816.463,2907.924,2787.891,2816.269,6116.969165500072,17705
1497139200,2816.214,2929.998,2781.893,2924.879,4738.191579800018,17089
1497225600,2924.876,2948.0,2400.0,2609.442,10270.9036693701,27774
1497312000,2609.442,2778.164,2601.0,2710.0,7200.412943600002,16675
1497398400,2710.0,2797.903,2318.43,2452.686,10307.688861600027,21986
1497484800,2456.602,2510.761,2075.329,2428.707,15725.068619769943,30444
1497571200,2428.72,2526.35,2308.311,2470.303,8199.12396206003,17818
1497657600,2470.316,2678.0,2420.891,2642.243,5840.431405120013,18407
1497744000,2646.838,2670.158,2460.001,2497.762,7006.9457452801,18170
1497830400,2500.724,2592.0,2484.822,2584.858,6459.4034069700465,16614
1497916800,2584.859,2768.0,2579.0,2705.1,6410.062231390021,19149
1498003200,2705.1,2764.963,2570.0,2644.968,6443.298218650048,20903
1498089600,2644.969,2735.31,2588.547,2684.987,4830.253254550023,12561
1498176000,2684.98,2725.0,2660.112,2668.0,3467.611845119996,10324
1498262400,2668.0,2701.788,2500.0,2547.431,4388.758260310012,10500
1498348800,2555.092,2601.527,2408.0,2490.126,5293.369941130037,13880
1498435200,2490.126,2535.779,2210.0,2405.0,9803.020963670122,24840
1498521600,2404.374,2540.054,2257.008,2538.01,9163.272707860091,21182
1498608000,2538.01,2600.0,2444.437,2554.021,7936.559799870064,16888
1498694400,2554.014,2579.998,2498.003,2526.074,5462.742032800064,13329
1498780800,2526.074,2547.953,2419.238,2445.0,5522.98436402006,14840
1498867200,2443.36,2500.0,2364.01,2392.948,5317.715651450299,14994
1498953600,2393.0,2525.0,2344.0,2505.571,5874.651098790074,16519
1499040000,2500.911,2587.999,2469.212,2546.73,6427.103248360025,17605
1499126400,2546.73,2647.65,2546.729,2599.071,5916.616917100087,17503
1499212800,2597.708,2628.386,2536.011,2611.387,5114.569596550043,12129
1499299200,2610.74,2620.0,2575.338,2605.641,3528.723189659994,9277
1499385600,2606.8,2613.993,2470.201,2506.928,4956.849364330022,12181
1499472000,2506.928,2552.639,2470.201,2547.847,5186.474705800022,14949
1499558400,2547.017,2560.417,2494.0,2499.001,2608.3457134100117,8002
1499644800,2499.12,2522.775,2265.0,2339.229,8795.77251745005,18930
1499731200,2336.317,2404.178,2252.845,2302.2,9926.80163554993,26116
1499817600,2302.2,2416.512,2235.0,2373.846,7603.574010730073,22952
1499904000,2373.845,2417.084,2310.0,2336.402,6113.583677020115,17783
1499990400,2338.641,2352.698,2133.77,2216.177,7547.155766000038,17694
1500076800,2216.178,2218.894,1956.202,1972.07,11774.544337070318,25151
1500163200,1969.999,2042.87,1809.0,1907.239,13840.30336085027,29398
1500249600,1905.05,2225.7,1905.002,2217.0,12866.564217900317,25320
1500336000,2217.0,2400.0,2144.94,2310.8,15041.499514490193,27806
1500422400,2310.801,2400.0,2212.484,2254.998,9367.339409570252,23722
1500508800,2254.998,2934.44,2254.64,2854.882,16465.543729960256,27528
1500595200,2854.882,2870.0,2614.7,2670.0,12131.70914063027,24242
1500681600,2670.0,2875.0,2651.961,2831.131,8247.079319730203,17508
1500768000,2833.599,2855.0,2672.26,2761.2,8021.956635980138,15573
1500854400,2761.0,2809.377,2720.001,2755.898,5221.13369128997,12456
1500940800,2755.898,2774.996,2440.211,2556.002,10789.66211371022,19915
1501027200,2565.0,2617.013,2414.612,2525.0,9942.97011690006,21522
1501113600,2526.699,2695.999,2511.166,2675.392,6869.444071540098,17060
1501200000,2676.988,2851.954,2671.011,2800.0,9163.836090750294,23228
1501286400,2808.971,2808.999,2678.588,2715.999,7068.3909887602285,17833
1501372800,2716.0,2799.0,2653.0,2799.0,4432.019444920173,14502
1501459200,2798.999,2910.0,2723.0,2876.133,7421.359309450121,20018
1501545600,2876.133,2970.0,2599.0,2727.027,13128.83402973004,31538
1501632000,2727.975,2761.514,2650.0,2700.8,6560.856949820026,24546
1501718400,2700.9,2808.88,2697.7,2797.034,6069.8335583200205,19970
1501804800,2797.034,2888.2,2771.011,2875.968,5969.506676000086,19400
1501891200,2875.967,3350.0,2870.0,3256.31,12846.287756400263,29467
1501977600,3256.31,3299.1,3177.77,3235.032,5412.319295210053,18084
1502064000,3236.994,3447.887,3191.0,3395.0,6389.085237750198,22275
1502150400,3395.0,3492.0,3350.0,3430.52,7446.405891180157,24915
1502236800,3430.52,3444.9,3252.0,3371.878,6149.159968210052,22708
1502323200,3370.0,3470.0,3340.0,3433.989,3997.944051020124,16070
1502409600,3434.099,3735.199,3425.006,3670.0,5731.536837920273,22244
1502496000,3669.618,3975.0,3637.34,3884.626,8296.37663448022,25532
1502582400,3889.09,4232.71,3841.468,4084.0,11504.371211790289,31469
1502668800,4084.0,4423.0,3970.0,4355.662,9768.302749940309,28098
1502755200,4350.021,4484.29,3821.0,4172.2,12347.208317150107,33598
1502841600,4170.8,4399.0,3950.0,4388.0,7600.447025340241,20866
1502928000,4381.01,4479.0,4200.0,4291.0,7641.769693960165,22711
1503014400,4291.0,4354.996,3980.0,4141.0,9739.865739030323,25878
1503100800,4130.0,4211.683,4002.636,4179.733,5163.253240900108,14369
1503187200,4184.937,4198.0,4066.0,4078.244,4318.746070520019,14141
1503273600,4076.001,4116.969,3996.0,4005.704,5070.671143590105,20285
1503360000,4007.398,4169.994,3620.0,4104.9,10243.524565680103,32965
1503446400,4104.9,4279.99,4081.4,4151.0,5552.179237830111,24807
1503532800,4150.999,4380.0,4145.0,4334.682,4475.348731710098,22446
1503619200,4334.999,4465.0,4313.99,4390.989,4496.683202510045,22062
1503705600,4391.5,4392.1,4271.1,4351.749,2665.7511448999994,14863
1503792000,4360.4,4409.999,4326.0,4338.46,2241.1118379599875,11786
1503878400,4338.458,4399.0,4188.128,4387.828,4706.675062250057,17866
1503964800,4387.699,4665.446,4346.1,4590.169,5540.05150058008,20424
1504051200,4590.168,4641.999,4490.0,4579.75,4005.989104570026,13562
1504137600,4581.12,4760.0,4576.83,4737.27,4116.622016110052,16869
1504224000,4737.02,4919.95,4702.11,4919.9,4476.539581850057,17183
1504310400,4919.9,4965.0,4528.0,4630.4,7544.286731240129,22037
1504396800,4630.45,4745.0,4463.846,4645.0,5063.755231350111,15309
1504483200,4645.0,4660.0,4156.35,4344.11,9061.14572853021,23164
1504569600,4344.11,4543.2,4140.5,4464.03,6853.204843460263,23468
1504656000,4457.02,4699.9,4450.0,4641.6,4857.908570280079,19915
1504742400,4651.1,4730.0,4550.0,4660.0,3747.2822070400116,16448
1504828800,4659.8,4705.1,4139.1,4385.0,8247.466994720238,22115
1504915200,4385.1,4445.0,4210.1,4342.3,3544.921066289944,15445
1505001600,4354.7,4386.8,4114.0,4287.1,4165.947232999994,17045
1505088000,4287.3,4397.4,4151.5,4226.2,4285.284789260045,13844
1505174400,4224.7,4399.0,4115.1,4173.6,5586.037954600224,17082
1505260800,4176.6,4183.1,3753.1,3882.2,11043.21298112018,31874
1505347200,3880.7,3947.9,3215.0,3254.2,16615.494267230075,36606
1505433600,3254.4,3849.0,2995.5,3739.6,21846.76695507995,41969
1505520000,3739.7,3940.0,3611.0,3716.4,8378.222270640093,23874
1505606400,3716.4,3821.8,3525.5,3719.0,4515.483148990031,16638
1505692800,3718.8,4135.0,3710.0,4091.5,7398.928285450296,24437
1505779200,4093.7,4113.0,3863.0,3911.0,7331.025152850186,18081
1505865600,3912.3,4059.0,3821.4,3863.1,4828.395860680158,16772
1505952000,3863.1,3916.9,3578.0,3623.9,7093.678113070192,19048
1506038400,3623.9,3763.5,3525.1,3606.8,5016.900723090126,14713
1506124800,3599.7,3830.3,3570.1,3789.0,4144.048656550047,12047
1506211200,3789.5,3792.9,3635.1,3672.7,2723.6117422600028,7780
1506297600,3670.0,3976.9,3670.0,3924.0,5156.386340690066,12380
1506384000,3922.7,3970.0,3850.0,3885.9,4312.780604600021,9524
1506470400,3886.3,4240.0,3870.1,4213.8,6850.548448880172,15405
1506556800,4213.9,4285.0,4130.0,4190.0,5769.816879030131,14548
1506643200,4195.4,4224.8,4025.0,4157.1,4264.413331920021,11013
1506729600,4162.6,4368.0,4151.2,4344.0,3565.2593707399865,11380
1506816000,4343.9,4391.0,4250.0,4383.7,2721.3857740799763,8077
1506902400,4387.9,4467.5,4365.2,4401.7,3475.8709097300048,9859
1506988800,4401.6,4430.3,4240.0,4309.0,5346.3748133801255,11394
1507075200,4312.9,4352.9,4189.1,4223.6,3742.4587033200214,11356
1507161600,4222.3,4372.0,4154.9,4324.2,3422.4085266500197,11808
1507248000,4319.6,4422.1,4300.1,4363.1,3102.323529400003,9037
1507334400,4363.1,4440.0,4318.5,4432.0,2320.4638518299894,6789
1507420800,4423.2,4615.1,4407.1,4592.0,4105.517197420033,13468
1507507200,4594.4,4875.0,4555.0,4772.1,5241.182324860097,15055
1507593600,4774.9,4919.0,4712.4,4748.5,5679.179929440164,16705
1507680000,4745.4,4878.0,4710.2,4822.6,3619.27464550003,10302
1507766400,4824.2,5430.0,4812.2,5429.7,7950.666609600512,24544
1507852800,5429.8,5854.4,5380.1,5640.0,9222.144339340526,27556
1507939200,5626.7,5800.0,5556.1,5800.0,3019.9464757099886,12395
1508025600,5800.0,5840.4,5462.1,5680.0,4536.38621516007,14711
1508112000,5673.2,5776.6,5550.0,5738.8,3134.620656810002,12139
1508198400,5738.7,5759.9,5535.1,5606.5,3462.553479260004,11472
1508284800,5606.5,5630.0,5132.3,5579.4,6192.78961184016,18136
1508371200,5590.0,5731.3,5534.0,5695.3,3450.458951470013,10910
1508457600,5703.1,6050.0,5620.0,5999.0,4449.033281670033,12758
1508544000,5990.2,6180.0,5920.9,6043.0,4431.124569909989,14312
1508630400,6039.8,6090.8,5750.1,5997.6,3153.6740544899462,13088
1508716800,5987.5,6054.0,5700.1,5902.8,4732.964576130052,18472
1508803200,5902.6,5910.0,5511.0,5545.5,5791.631926900163,21556
1508889600,5545.5,5777.7,5400.0,5762.8,4900.590501680023,19159
1508976000,5761.0,5994.9,5707.6,5890.6,3863.2620730899885,15993
1509062400,5891.2,5994.0,5710.0,5793.8,3109.0864275999775,13308
1509148800,5794.0,5887.6,5687.0,5750.0,2051.064761319974,9507
1509235200,5750.0,6209.9,5684.7,6130.0,4183.9777077900035,17263
1509321600,6135.8,6232.4,6032.8,6124.5,2817.13661322,13071
1509408000,6124.5,6444.6,6080.0,6430.5,3950.146186489991,13596
1509494400,6442.3,6749.0,6362.0,6741.9,5055.978944080081,19752
1509580800,6741.8,7289.0,6710.8,7007.3,7346.37422648021,21685
1509667200,7020.3,7449.0,6894.1,7160.0,4840.04253561007,21456
1509753600,7160.0,7480.0,6934.1,7369.9,2705.0350391399843,13794
1509840000,7366.5,7575.0,7297.0,7380.0,2604.588508799974,11704
1509926400,7374.7,7449.0,6920.0,6969.0,4961.192013240097,18636
1510012800,6970.3,7273.1,6942.0,7128.1,2974.537722949993,13260
1510099200,7128.1,7788.0,7097.0,7463.5,6190.612581290159,24050
1510185600,7460.0,7470.0,7104.0,7152.4,5067.235270910099,21767
1510272000,7155.0,7400.0,6415.0,6583.0,8899.139361630341,29692
1510358400,6567.1,6800.0,6200.0,6330.0,6931.8991680002555,20751
1510444800,6330.0,6500.0,5464.0,5880.0,14495.123703850295,39740
1510531200,5840.0,6870.0,5800.0,6528.0,7537.032560510133,29921
1510617600,6534.0,6779.2,6528.0,6660.6,4351.5815983000375,22057
1510704000,6660.6,7300.0,6660.6,7260.0,7650.858383260144,22851
1510790400,7260.0,7790.0,7085.2,7750.7,8575.163873020232,22968
1510876800,7755.7,7950.0,7520.2,7695.7,5630.447919720106,21369
1510963200,7691.9,7849.9,7426.9,7786.0,2972.039158879973,14197
1511049600,7790.5,8000.0,7670.0,8000.0,2708.7743219900176,12863
1511136000,8000.0,8274.4,7909.6,8234.1,2650.7084904199774,13008
1511222400,8220.8,8350.0,7785.4,8113.1,4807.606196960097,16036
1511308800,8100.8,8300.0,8025.4,8250.6,2821.816015479986,10149
1511395200,8251.5,8290.0,8030.0,8030.0,3096.8171750300144,12418
1511481600,8028.7,8277.7,7850.0,8173.1,4049.8202235300105,14316
1511568000,8174.1,8697.1,8100.0,8690.0,2680.8532572899862,14367
1511654400,8691.8,9388.0,8691.8,9174.3,3192.0320795400044,15500
1511740800,9174.3,9654.7,9155.6,9580.0,3131.8053383200117,16069
1511827200,9597.7,9885.2,9411.0,9800.0,2475.9041122899825,13985
1511913600,9820.0,11379.8,9000.2,9795.8,9959.984158350524,40656
1512000000,9773.1,10680.1,9220.8,10088.5,6997.111207590126,31477
1512086400,10087.8,10961.2,9450.0,10896.1,4676.814086729994,25195
1512172800,10887.1,11198.6,10673.0,10901.0,2623.4036677400013,16160
1512259200,10901.0,11777.0,10701.6,11235.1,4153.487331090025,20147
1512345600,11242.0,11663.9,11006.3,11638.0,3476.4723231699936,15707
1512432000,11638.0,11850.0,11502.2,11736.2,3195.8566552699945,16098
1512518400,11723.4,13850.0,11723.4,13737.7,5197.754504900035,25303
1512604800,13733.4,15958.0,13699.0,15899.0,7755.752239900486,28624
1512691200,15899.0,16986.0,14201.6,15921.9,4718.385876440063,27371
1512777600,15921.9,16100.0,13200.0,14682.9,3770.613624820003,20909
1512864000,14682.9,15700.0,13000.0,14850.3,4677.033217330079,30432
1512950400,14850.0,17423.0,14850.0,16578.0,4505.527368840067,30545
1513036800,16568.1,17390.1,16300.0,16889.3,3333.16711891998,31661
1513123200,16894.3,17199.9,15717.0,16150.1,3288.350526569988,27935
1513209600,16135.3,16698.5,15825.7,16376.1,2915.6918198499907,20445
1513296000,16376.6,17950.0,16323.3,17500.0,3611.7813783999795,22322
1513382400,17500.0,19500.0,17343.0,19356.9,2758.760148669953,24743
1513468800,19355.5,19660.0,18567.1,18920.6,3274.9504598300005,24407
1513555200,18920.8,19289.0,18298.5,18833.1,3388.9076984999992,25844
1513641600,18832.8,18946.8,16723.5,17600.5,4451.905214130103,30165
1513728000,17593.5,17724.5,15501.2,16220.7,6042.254689990338,39024
1513814400,16217.7,16950.0,14315.0,15180.0,4131.375833070024,33939
1513900800,15184.3,15442.3,11205.0,13874.1,11076.107805290623,48942
1513987200,13899.8,15600.0,13499.9,14560.9,3831.478487839955,28164
1514073600,14569.4,14841.8,12500.0,13760.0,3621.1016834799743,27402
1514160000,13760.0,14512.0,13030.0,13865.0,2454.5018847299343,20078
1514246400,13870.0,16249.0,13763.0,15814.5,3622.533087140069,21862
1514332800,15813.3,16555.2,14624.0,15445.9,3771.658448930017,23181
1514419200,15444.3,15550.0,13732.5,14548.8,5020.625683930091,26714
1514505600,14566.1,15198.5,14250.0,14400.8,3219.8920918000017,25092
1514592000,14400.8,14438.8,12132.4,12600.0,4404.283410400044,28123
1514678400,12600.0,14299.0,12500.0,13990.0,2210.3842079299657,18156
1514764800,13971.1,14442.9,13050.0,13506.1,2226.7203181699465,15737
1514851200,13506.1,15300.0,13088.8,14882.0,3227.86585693,19058
1514937600,14882.0,15599.7,14701.9,15185.7,2740.6530732599886,18112
1515024000,15186.7,15500.1,14417.1,15266.6,3497.90019971996,25390
1515110400,15266.6,17000.0,14961.0,16990.0,3728.58977026002,25070
1515196800,16988.3,17245.0,16167.5,17088.0,2126.6375131199507,16812
1515283200,17083.5,17100.0,15665.0,16128.4,2270.3585094999653,17587
1515369600,16116.9,16130.1,13500.0,15022.6,3925.064572109981,24332
1515456000,15016.9,15440.7,14230.7,14516.6,2991.737179949952,20701
1515542400,14508.5,14979.0,13525.0,14937.6,3993.369812929994,23692
1515628800,14907.0,15055.0,12848.0,13647.9,1991.7918339499834,9962
1515715200,13503.0,13503.0,13503.0,13503.0,0.009000000000000001,9
1515801600,14101.0,17200.0,13266.3,14400.0,1201.905014119968,12403
1515888000,14396.3,14500.0,13209.6,13711.2,2429.7057071399922,28203
1515974400,13711.1,14438.9,13207.0,13608.3,3519.3025707000234,33039
1516060800,13606.9,13633.1,10111.0,11533.2,10021.923819900549,60609
1516147200,11533.9,11968.9,9225.0,11185.0,11353.589979410477,71051
1516233600,11191.0,12262.3,10750.0,11286.0,7722.093004210372,58700
1516320000,11286.1,12040.0,11036.4,11598.1,5520.734328950255,45380
1516406400,11599.0,13079.6,11539.1,12845.9,4920.580155590303,39979
1516492800,12845.6,12845.8,11146.0,11556.0,4677.563083170135,45352
1516579200,11588.6,11968.5,10000.0,10811.3,5133.106937550447,57411
1516665600,10811.3,11456.0,10001.0,10849.9,5067.0230533901495,46534
1516752000,10850.0,11500.0,10529.0,11419.8,4225.934916480021,41400
1516838400,11419.8,11760.1,10899.0,11159.3,4648.448254340177,38840
1516924800,11156.1,11634.2,10320.0,11080.8,7680.8856903809165,59173
1517011200,11080.0,11595.0,10850.0,11386.0,5943.538378240696,45372
1517097600,11380.2,11932.7,11100.0,11629.9,5972.084313470408,46256
1517184000,11633.9,11708.3,11015.0,11150.0,4564.69002336004,41754
1517270400,11149.9,11200.0,9750.3,9979.8,10691.755787270406,60623
1517356800,9985.0,10331.0,9513.1,10101.6,8868.30880981017,56941
1517443200,10105.5,10180.9,8525.3,9037.6,14776.414081430465,61021
1517529600,9043.0,9155.0,7606.0,8772.6,18572.477467800414,76369
1517616000,8770.0,9463.7,8022.9,9167.9,8118.508859870537,37563
1517702400,9178.0,9346.0,7751.2,8130.2,8202.389764950349,35355
1517788800,8146.8,8349.3,6530.0,6843.7,20675.9514161603,68832
1517875200,6843.8,7950.0,5850.0,7677.0,28799.360110089332,91308
1517961600,7676.1,8644.1,7125.1,7559.0,15778.715407190373,50934
1518048000,7552.4,8638.4,7543.0,8231.0,11216.69802972033,35172
1518134400,8239.7,8749.9,7750.0,8680.1,10628.39103971998,33530
1518220800,8680.9,9080.0,8139.4,8555.7,10633.65116159056,38162
1518307200,8554.0,8555.4,7842.0,8056.1,8492.771302320385,31066
1518393600,8063.8,8988.0,8059.9,8906.3,7894.136992320149,28164
1518480000,8897.6,8933.7,8385.0,8517.7,6411.53456490009,24930
1518566400,8520.0,9520.6,8519.4,9489.7,7551.996537650352,30853
1518652800,9475.7,10247.0,9330.1,10037.0,9682.242384830277,37762
1518739200,10044.4,10325.1,9689.0,10188.5,6618.318566670216,25677
1518825600,10188.5,11131.9,10056.7,11100.0,7380.937849980309,32469
1518912000,11100.0,11308.8,10205.0,10430.0,9183.53515963142,51256
1518998400,10430.0,11269.5,10371.0,11165.1,5688.901268090277,29464
1519084800,11165.1,11790.1,11078.0,11242.3,9323.943478690713,38715
1519171200,11231.2,11300.0,10236.2,10468.1,14340.496169080101,52092
1519257600,10477.2,10976.0,9712.0,9840.2,13980.694257840421,43726
1519344000,9842.0,10438.6,9550.9,10157.7,11254.281341040556,36988
1519430400,10147.9,10578.7,9363.0,9688.0,9604.018594060582,34281
1519516800,9688.0,9887.1,9310.1,9580.0,7456.22581474034,29255
1519603200,9580.0,10471.0,9386.7,10322.1,9117.062554500419,30488
1519689600,10326.8,10878.9,10123.7,10551.0,7361.214380570266,26146
1519776000,10569.0,11081.4,10260.1,10310.0,8552.477805710383,29828
1519862400,10309.0,11079.3,10130.0,10920.0,7852.274075360342,27856
1519948800,10920.0,11190.0,10778.8,11031.3,5738.531356190208,21811
1520035200,11031.3,11528.9,11031.3,11428.0,4944.447801970132,21942
1520121600,11429.9,11539.0,11062.1,11512.1,4149.253479940097,19641
1520208000,11503.1,11666.4,11400.8,11433.9,4954.252606159871,24087
1520294400,11432.9,11438.0,10550.1,10731.5,10018.32245753015,29986
1520380800,10718.4,10899.0,9388.1,9903.0,14472.601157170728,41477
1520467200,9903.0,10120.7,9000.0,9279.9,11725.829586760554,35912
1520553600,9290.1,9427.9,8400.0,9244.5,19451.818458460202,57033
1520640000,9224.5,9515.2,8653.0,8752.0,11013.351440422848,73760
1520726400,8762.3,9745.0,8434.1,9526.2,13887.829622400612,47190
1520812800,9533.7,9899.9,8755.0,9102.8,13106.414193729417,47464
1520899200,9109.9,9477.0,8812.5,9141.3,11066.159268460346,42081
1520985600,9141.2,9370.9,7900.0,8174.2,16372.078159250359,51101
1521072000,8175.9,8425.0,7621.4,8248.6,17259.230848090716,50801
1521158400,8244.9,8615.0,7859.4,8251.0,11977.770507570413,38759
1521244800,8260.0,8340.0,7700.0,7843.4,11663.48026867065,40068
1521331200,7839.1,8249.1,7305.0,8183.2,18593.947384841165,54358
1521417600,8183.2,8780.0,8064.0,8610.2,15090.744845150764,46717
1521504000,8600.0,9037.0,8305.2,8912.0,12610.922151990706,36773
1521590400,8911.9,9189.8,8750.0,8880.0,10571.304642180443,32589
1521676800,8879.0,9116.2,8487.0,8711.5,9985.445640720392,29126
1521763200,8710.0,8934.9,8265.0,8916.8,9577.165539370573,27797
1521849600,8917.4,9030.0,8480.0,8530.0,6878.03156606051,21682
1521936000,8532.7,8678.0,8368.8,8444.4,6076.195765250144,16550
1522022400,8453.5,8499.7,7850.0,8137.8,10150.471502980376,29621
1522108800,8137.8,8230.0,7708.6,7786.7,10179.276728910383,27005
1522195200,7786.7,8114.5,7728.3,7943.3,6642.371382660176,19158
1522281600,7935.0,7975.0,6900.0,7080.1,20895.70910605054,50546
1522368000,7084.8,7244.0,6550.0,6804.0,20857.683280360776,55667
1522454400,6804.0,7199.7,6773.9,6911.1,9318.578367100472,27019
1522540800,6913.8,7037.0,6449.4,6810.0,13276.072882840695,31353
1522627200,6818.8,7134.9,6761.0,7054.7,8333.81724457009,20722
1522713600,7054.6,7529.7,7013.1,7414.8,9473.756315870487,27295
1522800000,7410.1,7432.7,6699.0,6790.4,11284.452264370533,30472
1522886400,6790.4,6935.8,6551.8,6763.5,11046.99114636027,26396
1522972800,6763.6,6848.0,6505.0,6616.2,7304.3573463501525,16738
1523059200,6613.9,7077.7,6602.2,6893.1,6684.72091985009,19825
1523145600,6885.0,7113.6,6878.6,7014.5,4464.737270710001,10695
1523232000,7022.9,7186.1,6608.3,6773.4,9945.51677003024,23512
1523318400,6774.2,6888.0,6646.8,6830.0,4965.889347360073,12856
1523404800,6829.9,6969.0,6798.0,6941.0,4106.759966179983,12316
1523491200,6940.9,8500.0,6759.0,7919.9,15139.237310920285,37957
1523577600,7919.9,8240.4,7741.0,7882.5,10669.71015032038,27941
1523664000,7882.4,8215.3,7816.2,8004.9,5013.164799840057,14050
1523750400,8005.0,8422.0,7996.6,8363.3,4067.775218540021,13722
1523836800,8374.0,8429.8,7902.0,8057.1,5906.32683407015,16451
1523923200,8057.2,8181.4,7800.3,7893.1,5197.579963830064,14421
1524009600,7893.0,8308.0,7865.0,8170.0,5577.1103782300825,15732
1524096000,8170.6,8308.0,8099.7,8275.7,3584.3253765200097,12877
1524182400,8267.5,8943.8,8226.0,8875.0,7749.02248547018,25222
1524268800,8875.1,9075.0,8629.3,8944.6,5032.704946540113,18944
1524355200,8939.7,9072.0,8760.5,8811.8,4049.5996276600445,14047
1524441600,8796.3,9032.1,8784.9,8954.1,4291.092669000023,11202
1524528000,8959.0,9749.0,8947.0,9661.7,8904.028482880283,27340
1524614400,9661.7,9750.0,8767.0,8855.7,14048.632490210684,40233
1524700800,8857.0,9300.0,8555.0,9291.4,7802.753149740185,22225
1524787200,9281.7,9381.9,8891.8,8917.8,6206.900343040207,18237
1524873600,8917.8,9437.2,8865.0,9339.2,4802.2085014601125,16527
1524960000,9328.1,9538.0,9165.0,9411.2,3800.9734383200152,14460
1525046400,9407.4,9453.9,9110.7,9243.2,4135.395938719993,15386
1525132800,9246.5,9246.5,8830.0,9081.3,5955.922107150113,19075
1525219200,9074.3,9262.0,8979.0,9217.1,3876.8199094900046,13046
1525305600,9233.3,9799.9,9170.1,9735.9,5992.5072810701995,21278
1525392000,9731.1,9779.9,9511.0,9688.9,4244.287226529954,15143
1525478400,9687.9,9962.0,9465.0,9795.0,3999.879267420099,16456
1525564800,9794.9,9899.0,9364.0,9604.9,3174.1310557900106,15252
1525651200,9605.0,9626.8,9200.0,9360.6,3988.3938496700284,14944
1525737600,9359.6,9458.6,9050.0,9172.7,3183.6743647700227,12439
1525824000,9178.3,9464.1,8960.0,9305.4,4520.086560010059,13333
1525910400,9302.0,9395.9,8990.5,9011.0,3113.9914543700315,10335
1525996800,9009.8,9009.8,8325.0,8407.8,6857.083291310149,25941
1526083200,8411.0,8649.9,8223.2,8479.0,5044.439038760058,16648
1526169600,8478.8,8749.6,8317.9,8698.2,3361.110798370008,11396
1526256000,8698.2,8886.3,8286.3,8660.8,6017.8891347301405,19883
1526342400,8661.6,8862.0,8421.0,8462.8,3875.2601051500087,13826
1526428800,8473.1,8494.0,8077.3,8344.9,6332.933767570108,16012
1526515200,8345.8,8500.0,7978.8,8064.0,4246.830941090029,11389
1526601600,8064.0,8280.0,7932.5,8231.9,4061.447406010024,13200
1526688000,8231.9,8394.0,8160.2,8233.8,2247.5398488200035,8023
1526774400,8229.9,8596.7,8147.9,8518.9,2637.54131634004,10039
1526860800,8524.9,8596.5,8292.4,8390.8,2902.6079890100145,8586
1526947200,8390.8,8408.0,7938.4,7989.1,4213.603042650027,12225
1527033600,7989.2,8038.2,7440.6,7500.3,7842.869449780176,22540
1527120000,7503.0,7725.0,7255.0,7572.0,6483.491872830144,15738
1527206400,7575.7,7650.0,7286.7,7466.0,4734.891285920067,12586
1527292800,7466.3,7634.9,7215.0,7330.0,2485.1781215800092,7880
1527379200,7325.0,7388.0,7212.1,7325.9,2167.3297242799904,6958
1527465600,7325.9,7447.9,7070.5,7102.6,4174.00825789006,12558
1527552000,7102.8,7530.3,7051.0,7462.6,4828.093853830024,12925
1527638400,7462.8,7568.3,7260.0,7374.9,3760.9210750800453,9983
1527724800,7372.5,7599.3,7330.2,7485.6,3358.2732670800215,8544
1527811200,7490.9,7599.1,7350.0,7504.2,3044.976049750018,8591
1527897600,7504.0,7693.6,7434.3,7636.1,2475.221070119994,8408
1527984000,7630.2,7780.0,7589.4,7716.8,1953.8392484899912,7080
1528070400,7716.0,7759.1,7442.0,7495.5,3146.3468561299956,9603
1528156800,7495.4,7677.1,7350.0,7622.0,3451.891890029979,10377
1528243200,7622.0,7695.0,7482.6,7659.8,2983.1163582100153,7638
1528329600,7650.4,7750.0,7630.0,7679.4,1975.440405859984,6010
1528416000,7679.7,7700.0,7530.9,7611.9,2073.021911959996,7919
1528502400,7611.9,7679.6,7455.1,7495.1,1276.583042799997,4872
1528588800,7496.8,7496.8,6621.7,6767.9,7667.36414831023,22854
1528675200,6768.2,6899.7,6629.0,6877.0,3811.6132694900493,11560
1528761600,6877.0,6885.6,6450.0,6547.2,4724.847889430058,13689
1528848000,6543.5,6634.3,6122.1,6294.2,7130.209334650241,17237
1528934400,6295.7,6734.8,6264.4,6640.7,7046.896567420269,16149
1529020800,6636.3,6678.1,6355.1,6387.6,3927.756588129978,10132
1529107200,6388.0,6550.0,6324.2,6481.4,2365.4493769099863,6884
1529193600,6480.8,6574.6,6425.0,6440.8,1638.066992319983,4166
1529280000,6444.5,6800.0,6359.1,6706.6,3636.493877220012,8883
1529366400,6710.4,6854.3,6658.6,6740.2,2759.387398669969,6808
1529452800,6740.2,6814.0,6515.0,6755.4,3586.9166642500227,9141
1529539200,6756.7,6787.6,6679.0,6716.1,2105.952908649993,5808
1529625600,6716.1,6725.3,5950.0,6055.5,8628.476542000177,22815
1529712000,6054.0,6292.4,6034.7,6154.1,3564.585499360018,10161
1529798400,6154.1,6275.0,5650.0,6150.1,9238.719243830052,19967
1529884800,6150.0,6341.4,6066.0,6245.5,4188.432021810096,10493
1529971200,6246.0,6278.8,6033.3,6081.3,3434.158134530013,8355
1530057600,6072.4,6239.9,6000.0,6134.2,3990.6326391199755,8780
1530144000,6132.5,6161.1,5820.0,5858.6,3611.899301189994,8652
1530230400,5853.4,6309.0,5787.7,6196.9,5131.780519180051,12368
1530316800,6198.6,6525.0,6190.5,6387.9,3454.2590176600042,9501
1530403200,6387.0,6433.3,6254.3,6345.8,1940.38940674998,5520
1530489600,6343.6,6678.7,6275.0,6617.7,3636.6667307700136,9390
1530576000,6618.7,6670.0,6467.6,6495.5,2754.871146929963,8398
1530662400,6497.0,6790.0,6399.8,6584.2,3811.898491719978,9535
1530748800,6587.0,6715.2,6450.0,6526.2,3316.8146034300107,8322
1530835200,6529.8,6639.2,6450.0,6595.4,2358.116240289914,8876
1530921600,6599.9,6838.5,6503.2,6755.1,2229.000309079991,6449
1531008000,6754.1,6777.1,6680.5,6704.7,1770.803462399987,5388
1531094400,6704.8,6800.0,6610.0,6662.5,2209.5823366799887,6197
1531180800,6662.5,6684.2,6276.7,6304.6,4426.636214010023,11105
1531267200,6304.6,6400.6,6279.0,6377.9,2466.364549349983,6251
1531353600,6378.0,6378.0,6073.3,6242.5,4293.131037590031,10405
1531440000,6248.2,6356.0,6126.1,6214.9,2993.3954711899487,10073
1531526400,6215.2,6329.5,6187.0,6250.4,1472.0744742299926,4721
1531612800,6252.8,6386.9,6234.5,6335.4,2272.5262393399466,6513
1531699200,6345.2,6750.0,6328.0,6727.0,5254.166356750026,12295
1531785600,6727.0,7475.0,6667.1,7316.9,7189.735508830142,20989
1531872000,7316.2,7599.0,7234.6,7367.4,6059.980054090062,19477
1531958400,7379.9,7548.8,7280.8,7472.3,4114.208097180005,12040
1532044800,7472.3,7670.5,7238.8,7320.0,5351.308730389952,16607
1532131200,7320.0,7447.9,7200.3,7396.7,2408.682980289983,9708
1532217600,7397.7,7581.9,7320.0,7401.1,2554.4382663399774,9762
1532304000,7401.1,7844.9,7375.8,7720.0,5418.99881997015,15604
1532390400,7719.9,8491.1,7695.0,8401.8,8311.62882834025,25559
1532476800,8395.4,8496.6,8062.1,8166.0,5750.801439890134,18141
1532563200,8164.7,8315.0,7840.0,7925.0,5606.02425711005,16165
1532649600,7925.1,8274.8,7800.5,8177.0,5530.002379330173,16503
1532736000,8177.1,8250.0,8072.0,8230.8,1768.0996494999888,6523
1532822400,8225.3,8290.2,8125.0,8213.5,1714.172923199989,5946
1532908800,8213.1,8274.9,7850.1,8170.0,4501.036169110061,14602
1532995200,8169.9,8170.0,7634.8,7726.0,5451.513664170218,19689
1533081600,7726.0,7757.7,7423.0,7604.1,4418.8205517400675,17537
1533168000,7605.3,7700.0,7455.7,7534.8,3842.0863207097236,17637
1533254400,7534.7,7534.7,7254.6,7415.0,5255.808675260101,20296
1533340800,7410.1,7485.9,6927.0,7024.5,4985.602900250091,14323
1533427200,7011.8,7088.4,6880.1,7026.9,3309.717739229978,14320
1533513600,7026.9,7159.9,6833.0,6935.7,3151.6213710700276,19123
1533600000,6935.7,7149.0,6659.9,6717.8,6505.467104910106,21416
1533686400,6714.9,6715.0,6120.0,6275.9,9467.831780510285,27711
1533772800,6276.6,6630.5,6179.1,6536.0,5940.669747310007,16397
1533859200,6533.4,6579.1,6010.0,6141.5,7526.686658080486,22713
1533945600,6141.1,6491.1,5969.6,6231.8,7124.735991040378,19993
1534032000,6233.2,6478.0,6158.5,6312.2,4542.227883939834,16692
1534118400,6310.0,6544.7,6142.5,6250.0,5762.249495460103,13783
1534204800,6250.0,6789.8,5890.0,6196.8,10247.14966594027,26798
1534291200,6193.1,6649.0,6186.0,6269.5,8069.747472960153,19856
1534377600,6269.5,6491.8,6213.0,6316.0,4760.158678250041,11956
1534464000,6311.6,6596.7,6289.1,6589.2,3810.807368059991,13490
1534550400,6589.7,6615.8,6301.6,6400.0,3128.5217074799966,12136
1534636800,6400.0,6546.9,6317.2,6475.1,1721.6938564099921,6675
1534723200,6477.9,6520.0,6224.0,6257.2,3787.104006709992,10050
1534809600,6257.1,6500.0,6241.4,6475.5,3181.6220500399895,9364
1534896000,6474.5,6916.5,6210.0,6359.8,8206.735089700185,19245
1534982400,6354.9,6578.2,6329.2,6527.2,3430.6165654899773,7446
1535068800,6527.6,6748.0,6451.1,6693.3,3112.78621781998,7818
1535155200,6693.1,6795.0,6660.6,6732.3,2077.0256827399817,5457
1535241600,6730.8,6775.0,6560.4,6710.0,2027.091138579969,5592
1535328000,6710.0,6949.8,6648.1,6909.0,3181.2618022199913,8172
1535414400,6906.2,7133.7,6860.0,7076.7,5196.6240479301,13162
1535500800,7076.7,7120.0,6886.6,7022.7,2919.7281440299903,10284
1535587200,7025.4,7060.0,6776.9,6983.1,4730.629047299981,11761
1535673600,6983.1,7085.9,6888.0,7015.8,3498.9445859499924,8861
1535760000,7014.8,7254.0,7014.7,7191.3,2912.7180286199828,8090
1535846400,7191.2,7331.1,7127.5,7294.7,3383.4647911199645,9251
1535932800,7294.5,7329.9,7183.5,7256.1,2218.4270109599943,6067
1536019200,7256.0,7405.9,7219.2,7359.3,2791.506355820023,7469
1536105600,7358.8,7389.4,6638.8,6686.6,7620.2466859702445,17497
1536192000,6684.4,6702.3,6250.0,6494.8,9592.989164290342,18397
1536278400,6494.8,6524.8,6318.8,6397.6,3234.967510560032,7687
1536364800,6400.0,6457.7,6073.9,6183.2,3870.7762251700933,10984
1536451200,6183.2,6459.4,6137.6,6230.9,3636.5703698201096,8251
1536537600,6232.8,6371.3,6231.0,6304.5,3377.3330210000418,7029
1536624000,6301.2,6410.9,6162.4,6282.3,3534.8259152000337,7998
1536710400,6281.0,6366.4,6195.0,6319.5,2970.713132120003,7294
1536796800,6325.1,6595.9,6325.1,6487.1,5151.303808420085,10275
1536883200,6490.5,6599.8,6388.0,6482.9,4004.8039222399902,9221
1536969600,6482.3,6568.4,6465.2,6520.0,1289.2183983899995,3752
1537056000,6520.0,6520.1,6342.8,6497.9,1667.093797079996,4089
1537142400,6501.7,6532.1,6202.2,6250.0,5043.656090120052,9555
1537228800,6250.0,6384.9,6225.0,6330.5,3231.4000830100244,7250
1537315200,6330.7,6574.0,6102.6,6392.1,4789.538513800048,9655
1537401600,6390.6,6547.2,6339.2,6491.2,3697.2948369500004,8623
1537488000,6491.2,6819.5,6480.0,6755.3,5723.780059830118,18426
1537574400,6755.0,6836.4,6625.1,6717.0,3104.8516046500035,8617
1537660800,6705.3,6768.0,6660.1,6700.0,1383.1630632699885,4898
1537747200,6700.2,6719.9,6545.0,6579.2,3892.988027540003,8789
1537833600,6579.2,6580.0,6318.5,6435.0,5070.277440280025,12181
1537920000,6434.9,6540.7,6372.0,6453.5,3269.599078530018,8585
1538006400,6452.0,6730.0,6430.9,6683.8,4768.616570170013,9618
1538092800,6683.7,6796.2,6529.4,6622.3,4522.2728746399835,13264
1538179200,6622.2,6622.2,6450.1,6582.7,2152.3399348099983,5872
1538265600,6582.2,6641.0,6518.0,6604.1,1172.97098726999,3887
1538352000,6603.8,6633.3,6490.2,6572.6,1863.8501023199963,5019
1538438400,6574.5,6597.0,6436.2,6500.0,3054.4014482600232,5593
1538524800,6497.7,6521.1,6397.6,6463.9,5143.682660940094,8546
1538611200,6463.8,6598.9,6461.0,6547.4,2016.90547481,5912
1538697600,6557.0,6666.6,6494.1,6580.1,2486.3809019600008,5602
1538784000,6582.7,6599.0,6532.0,6550.0,856.9988795799945,2537
1538870400,6549.9,6584.2,6488.3,6570.5,1022.5959155799968,2519
1538956800,6567.9,6688.3,6545.0,6610.0,2498.509107510016,4898
1539043200,6607.4,6618.5,6555.6,6585.1,1360.2986571599943,3524
1539129600,6585.6,6589.1,6441.8,6530.5,2485.686786200024,5658
1539216000,6530.1,6530.1,6091.2,6150.1,7093.7413978001305,17162
1539302400,6151.9,6238.5,6110.0,6192.2,1674.4137971999937,6237
1539388800,6192.2,6219.1,6171.7,6197.9,922.9147111799894,3619
1539475200,6197.8,6289.9,6150.0,6181.8,1237.4738152999835,5103
1539561600,6181.9,6820.0,6151.0,6438.5,11354.618532900558,28536
1539648000,6441.3,6490.0,6391.5,6460.4,3309.324891920024,8301
1539734400,6460.3,6469.8,6411.9,6442.5,1684.0020009599923,5376
1539820800,6442.3,6487.9,6344.6,6395.4,1779.3413623599938,5397
1539907200,6395.2,6406.8,6352.5,6384.2,1146.6442614799882,4811
1539993600,6383.4,6429.7,6360.1,6412.3,778.6663108999973,3259
1540080000,6412.0,6457.8,6399.2,6410.0,942.9292589499969,2904
1540166400,6411.1,6428.7,6367.8,6409.6,1288.6751796299964,3962
1540252800,6408.7,6418.0,6356.2,6394.4,2065.7858698399923,4914
1540339200,6394.9,6466.0,6392.7,6413.9,1503.7870084399933,3474
1540425600,6414.0,6419.7,6356.0,6393.0,1482.4121570899924,3719
1540512000,6393.1,6450.0,6378.9,6409.3,1463.4349903699917,4171
1540598400,6409.2,6422.3,6385.0,6410.4,646.4320296899982,2058
1540684800,6410.3,6433.6,6388.0,6408.1,773.2914663899968,2755
1540771200,6408.1,6423.0,6201.0,6266.3,3557.3097079500403,7841
1540857600,6266.2,6299.4,6242.0,6275.0,4932.955825530036,5049
1540944000,6275.1,6377.0,6205.0,6307.5,3034.3555481500225,5922
1541030400,6307.5,6367.7,6290.6,6339.9,1768.9864570499929,3609
1541116800,6341.7,6378.3,6318.2,6346.2,1764.9875908999932,4258
1541203200,6346.2,6347.6,6300.6,6331.4,682.8437987499988,2375
1541289600,6332.3,6471.6,6316.3,6419.9,1748.2959157999912,4919
1541376000,6419.9,6443.3,6370.2,6405.9,1246.8645655199975,3853
1541462400,6406.0,6455.2,6390.2,6451.3,2068.6168969099817,5801
1541548800,6450.3,6552.9,6448.6,6503.3,2678.441851439985,6688
1541635200,6503.2,6515.7,6380.6,6408.8,2222.6904720399893,5771
1541721600,6408.9,6419.7,6310.0,6335.4,2192.6104319099745,6936
1541808000,6334.7,6375.0,6331.6,6349.0,699.4259706999936,2874
1541894400,6348.9,6364.5,6275.1,6358.2,757.2659910399974,2933
1541980800,6357.4,6385.0,6290.8,6327.3,2245.0162082000106,5612
1542067200,6327.3,6329.1,6250.0,6260.0,2534.856069500006,7043
1542153600,6258.8,6300.0,5330.0,5600.9,15801.63865694031,40169
1542240000,5600.9,5647.8,5206.1,5570.6,10784.005785720403,25015
1542326400,5574.5,5610.0,5413.0,5514.4,4398.895708190058,10270
1542412800,5516.9,5549.5,5457.2,5499.3,2194.933448239996,5787
1542499200,5499.4,5698.0,5499.4,5560.9,1993.3557685999895,5854
1542585600,5561.0,5563.5,4700.0,4741.2,16742.729391840585,32324
1542672000,4740.8,4891.9,4028.8,4361.4,24334.07438497954,57084
1542758400,4361.4,4635.7,4240.9,4548.2,11087.680630940224,23329
1542844800,4543.3,4589.9,4070.0,4262.6,6504.178639610037,12962
1542931200,4269.4,4364.8,4089.4,4286.4,9319.245217110252,17089
1543017600,4287.6,4373.2,3685.0,3780.0,10820.700990530353,25414
1543104000,3775.0,4126.9,3456.0,3932.9,19692.948854900456,39090
1543190400,3932.2,4067.8,3516.1,3727.1,18383.351710470153,32577
1543276800,3727.5,3829.0,3561.6,3770.7,11635.149228630242,20881
1543363200,3770.9,4397.6,3770.8,4219.8,16238.44129275047,31931
1543449600,4219.8,4441.0,4066.0,4241.9,11168.640538060336,22268
1543536000,4242.0,4300.0,3856.9,3969.4,14587.397403050632,25007
1543622400,3969.4,4286.6,3905.7,4138.4,7217.245242910212,15441
1543708800,4138.1,4262.9,4025.1,4101.9,5903.84285302033,14937
1543795200,4101.9,4117.0,3732.6,3832.7,10835.557421030351,20220
1543881600,3832.3,4059.3,3728.7,3904.7,9296.119252950306,17053
1543968000,3904.7,3916.3,3653.0,3694.3,8825.249039210254,16495
1544054400,3697.1,3851.1,3412.0,3435.5,18686.409433190303,30024
1544140800,3432.6,3600.0,3208.0,3379.3,21254.637428860446,35854
1544227200,3379.0,3498.9,3251.3,3396.9,9218.814725580462,18709
1544313600,3395.1,3636.0,3359.9,3539.5,8558.535168020398,15922
1544400000,3532.6,3596.0,3348.7,3408.0,8249.149287760332,14687
1544486400,3410.4,3441.1,3294.5,3348.1,7038.7842457902225,13091
1544572800,3347.1,3489.4,3323.6,3435.2,7305.323826020344,11807
1544659200,3433.1,3438.2,3217.7,3260.0,10912.653443000358,14390
1544745600,3260.0,3308.6,3134.0,3194.9,11696.582492790694,18140
1544832000,3192.9,3225.0,3120.0,3180.1,5328.466113260331,11208
1544918400,3180.1,3265.0,3159.0,3189.7,4497.979433020297,10566
1545004800,3193.2,3587.9,3184.0,3502.0,18346.039275490326,24483
1545091200,3502.0,3690.9,3433.9,3669.1,11681.227137700462,17200
1545177600,3668.6,3920.0,3645.6,3683.6,23738.911315399837,28358
1545264000,3682.0,4178.0,3651.0,4074.4,21323.81104654955,33304
1545350400,4074.5,4164.0,3769.2,3838.5,16054.604640660422,28220
1545436800,3840.1,4022.6,3788.3,3981.3,9707.736094150214,17895
1545523200,3979.8,4062.5,3910.0,3940.2,6944.330582330138,13284
1545609600,3945.7,4239.9,3941.6,4033.6,14222.861294300452,20786
1545696000,4033.7,4040.0,3671.5,3778.5,12403.084731860241,22656
1545782400,3779.3,3860.0,3680.2,3808.2,8781.845374470246,14729
1545868800,3809.2,3840.0,3565.9,3588.6,8146.6690900702115,13563
1545955200,3590.0,4028.6,3575.0,3890.5,10981.267136320408,18596
1546041600,3890.1,3952.9,3645.0,3725.0,6072.737729440143,11306
1546128000,3726.2,3871.6,3681.0,3832.4,5832.292969430186,10050
1546214400,3829.9,3837.0,3621.6,3691.9,6297.664743300163,10745
1546300800,3690.9,4499.3,3643.7,3820.1,5422.737691850214,11991
1546387200,3825.0,3920.0,3767.2,3886.2,5737.24842759021,11422
1546473600,3887.8,3895.5,3721.9,3786.5,5533.988727800159,10576
1546560000,3785.3,3856.9,3728.8,3823.7,5078.832022850176,9577
1546646400,3823.6,3874.7,3772.1,3796.6,3545.082094710074,8642
1546732800,3795.2,4083.9,3760.4,4041.1,7954.131912750232,12311
1546819200,4041.0,4078.9,3965.0,4005.3,5303.543269930131,9256
1546905600,4003.7,4113.9,3935.0,3992.9,8106.906295080274,12492
1546992000,3993.0,4039.8,3966.0,3999.9,5461.81114109009,8492
1547078400,4002.2,4035.5,3550.0,3623.5,13261.94887982039,18928
1547164800,3623.5,3694.9,3560.5,3635.1,9804.823104710107,13046
1547251200,3635.1,3652.4,3562.7,3616.5,2885.9569785700255,6018
1547337600,3616.5,3644.8,3375.0,3512.6,5567.970655170125,9545
1547424000,3514.9,3717.0,3506.9,3664.8,6916.569232710235,11079
1547510400,3664.7,3685.5,3550.0,3587.0,6451.99054486005,8488
1547596800,3586.1,3669.5,3573.4,3606.6,6583.625035820207,8944
1547683200,3610.5,3660.0,3540.5,3644.0,6052.474096180062,8162
1547769600,3641.2,3644.8,3576.0,3612.2,4152.091281340047,6239
1547856000,3612.1,3950.0,3606.1,3683.0,4386.798049120044,7986
1547942400,3683.0,3702.5,3468.7,3530.6,6015.13071081013,9025
1548028800,3533.4,3565.0,3487.8,3533.4,3935.549045520116,7712
1548115200,3533.4,3607.5,3440.0,3575.8,5851.4332818401845,9662
1548201600,3575.7,3613.2,3521.7,3556.1,5126.7343005400535,7309
1548288000,3556.1,3591.7,3531.3,3571.3,3394.851061640017,5150
1548374400,3571.2,3577.4,3511.6,3560.1,3627.6144313000227,5402
1548460800,3560.1,3673.0,3535.6,3556.2,3156.9315125400576,5628
1548547200,3555.8,3562.2,3470.8,3533.4,2449.7728623900102,4469
1548633600,3533.5,3537.0,3373.8,3431.0,7958.035510920118,10650
1548720000,3431.0,3440.0,3343.3,3395.0,6116.974996230051,7727
1548806400,3393.4,3465.1,3371.3,3435.4,4909.980632270279,8763
1548892800,3435.1,3478.1,3395.2,3409.6,5209.916772900082,7075
1548979200,3409.6,3460.0,3373.1,3437.2,5790.496451310089,6825
1549065600,3436.6,3494.1,3414.0,3466.0,2428.520683930012,5124
1549152000,3467.7,3473.0,3388.6,3415.2,2316.065748479997,4192
1549238400,3416.9,3437.8,3396.9,3413.9,2827.5062505300043,4279
1549324800,3411.0,3433.8,3397.8,3429.5,2734.4995213100137,5287
1549411200,3429.5,3445.0,3337.0,3367.4,4940.696397150005,7560
1549497600,3367.2,3382.4,3348.1,3360.3,3197.0031153100035,4288
1549584000,3359.5,3704.9,3341.4,3622.0,10258.365597330027,15582
1549670400,3622.1,3744.2,3589.6,3625.7,3623.066847100143,7715
1549756800,3625.7,3657.1,3578.2,3647.1,2513.2889337400165,6769
1549843200,3647.3,3650.7,3577.7,3591.7,3610.2346484200416,5961
1549929600,3591.7,3620.0,3538.2,3588.9,4498.998111660065,8158
1550016000,3588.9,3632.2,3560.0,3574.0,3752.0669749100684,6472
1550102400,3576.0,3589.3,3532.1,3562.3,3239.8400327100107,5497
1550188800,3560.6,3616.1,3546.8,3567.4,3889.9220099600166,6331
1550275200,3567.8,3613.3,3562.7,3580.1,2089.1423537599967,4270
1550361600,3580.4,3675.0,3552.7,3625.1,3861.9610781700685,7068
1550448000,3625.7,3926.0,3617.0,3870.7,11387.816221270223,17609
1550534400,3870.1,3975.0,3838.2,3888.1,7737.012414470082,12413
1550620800,3888.5,3962.5,3865.7,3942.0,5841.967018840072,9434
1550707200,3938.6,3986.0,3863.2,3897.1,4844.095241580033,8558
1550793600,3897.1,3954.6,3884.7,3940.5,4768.5145642900125,7681
1550880000,3940.5,4160.1,3911.0,4113.3,6813.154051600089,11763
1550966400,4110.0,4190.3,3625.0,3732.2,12720.486298560263,20706
1551052800,3732.4,3860.3,3732.3,3819.8,5283.8010603200855,9618
1551139200,3819.6,3829.9,3764.0,3796.2,4283.363605040007,6590
1551225600,3795.0,3827.9,3652.6,3799.1,6161.730826370112,9808
1551312000,3797.8,3885.0,3756.4,3793.7,5628.741814320121,9720
1551398400,3793.6,3843.0,3785.8,3804.7,2670.2705599999895,5279
1551484800,3804.6,3818.5,3754.3,3809.9,1766.652670049989,4609
1551571200,3810.3,3822.4,3755.4,3785.7,2204.155819289991,3775
1551657600,3785.7,3805.2,3670.9,3700.1,4484.164153680057,8185
1551744000,3700.0,3875.1,3690.6,3844.9,4451.4507193301015,9029
1551830400,3845.0,3895.7,3805.0,3851.7,3444.455414850008,6884
1551916800,3851.7,3891.4,3829.9,3854.0,4079.0859958000074,6268
1552003200,3854.0,3910.0,3760.3,3844.3,4658.364325650065,7635
1552089600,3840.5,3947.0,3836.7,3919.2,3290.6993499400387,6339
1552176000,3916.1,3916.3,3863.7,3897.9,1449.9011299499925,4420
1552262400,3899.8,3911.2,3815.5,3850.7,3229.6842512800026,7975
1552348800,3852.0,3879.6,3800.4,3863.1,3277.1707664799887,7899
1552435200,3864.4,3873.5,3826.2,3853.4,3013.369886310032,5990
1552521600,3851.3,3907.0,3781.6,3853.9,3598.009049310003,7794
1552608000,3853.9,3909.8,3846.8,3900.2,2890.546813100009,7302
1552694400,3900.1,4042.5,3899.7,3989.2,4433.96527029005,9003
1552780800,3989.5,3989.6,3937.4,3965.0,1470.3299785099953,3620
1552867200,3965.1,4019.9,3935.2,3969.6,3731.0575333400075,8406
1552953600,3969.6,4010.0,3950.0,4000.0,3209.5968461899884,7341
1553040000,3999.9,4048.8,3963.4,4032.1,3934.6070736700412,8931
1553126400,4030.9,4064.4,3871.3,3972.4,4867.144415890063,12386
1553212800,3972.5,3999.0,3960.0,3982.1,2481.959079829996,6609
1553299200,3982.1,4000.4,3961.0,3982.5,1616.9900684499928,4791
1553385600,3982.4,3982.4,3944.4,3969.3,2067.316000169988,5112
1553472000,3968.6,3976.6,3855.5,3905.9,4822.948801180047,9393
1553558400,3905.9,3921.6,3882.8,3918.9,2316.8349403599946,5225
1553644800,3919.0,4037.3,3913.0,4025.8,4241.284352090041,9568
1553731200,4025.0,4025.0,3994.8,4013.8,2373.315089989998,6662
1553817600,4013.3,4100.0,4005.9,4088.9,4465.0200154599515,9736
1553904000,4088.4,4130.0,4040.0,4090.9,2493.45384143003,7023
1553990400,4092.2,4100.0,4073.7,4095.2,947.5683612299968,4366
1554076800,4095.1,4148.6,4051.7,4137.8,4663.433135399993,9203
1554163200,4137.9,5142.9,4133.1,4902.9,22863.724768239972,43009
1554249600,4899.4,5362.7,4751.0,4972.2,20191.084805530267,38026
1554336000,4971.2,5075.1,4782.1,4905.7,10863.876343260077,21895
1554422400,4905.7,5091.9,4886.0,5038.1,5596.8536250901325,13651
1554508800,5037.4,5240.0,4895.9,5044.4,5810.763263700067,13943
1554595200,5044.1,5270.0,5015.7,5194.2,5504.642279490101,15246
1554681600,5194.4,5359.8,5125.5,5285.1,7445.362367450205,20325
1554768000,5287.7,5287.7,5144.9,5190.8,5767.682050570056,12486
1554854400,5191.9,5464.0,5167.8,5321.0,8788.853142020218,18394
1554940800,5321.4,5343.4,4960.1,5041.7,8920.370955030212,23077
1555027200,5040.7,5115.9,4920.0,5078.8,5355.409580169728,15982
1555113600,5077.3,5122.0,5036.1,5065.6,2471.7793681099947,8103
1555200000,5065.6,5190.1,5008.0,5158.4,2495.603832279992,8056
1555286400,5159.1,5188.7,4942.8,5034.8,4722.147788820073,12167
1555372800,5034.8,5245.0,5017.9,5204.1,5313.717798500075,11742
1555459200,5204.0,5300.0,5175.1,5224.9,3629.3559606800536,10070
1555545600,5225.0,5325.0,5222.1,5282.8,3538.0194121499967,9267
1555632000,5281.0,5366.5,5191.9,5286.0,4019.0263540199917,9812
1555718400,5286.0,5359.0,5257.0,5316.5,2551.4803063199984,7017
1555804800,5320.3,5347.8,5200.0,5297.0,2941.3448340000355,8777
1555891200,5294.7,5453.3,5245.0,5384.0,5931.819007430058,14573
1555977600,5384.0,5645.0,5363.3,5525.4,8384.644686490139,18587
1556064000,5525.4,5627.9,5375.3,5442.2,7883.836192219711,22375
1556150400,5442.2,5510.5,4357.1,5128.7,11255.081658070285,22589
1556236800,5128.7,5290.0,5043.3,5153.0,8978.671960330312,17930
1556323200,5154.5,5216.5,5116.7,5168.5,2868.0700796899964,7753
1556409600,5169.8,5215.4,5100.2,5156.1,2657.17297913994,9283
1556496000,5156.2,5194.2,5061.1,5149.0,4372.351913080055,14493
1556582400,5152.8,5297.0,5131.1,5272.2,4856.839578860011,12146
1556668800,5272.2,5359.3,5270.0,5323.3,3469.4869575399957,9656
1556755200,5323.2,5421.9,5309.6,5390.0,3887.5906586100396,9808
1556841600,5390.0,5796.0,5368.7,5660.0,10720.041848410083,19746
1556928000,5660.0,5840.0,5525.0,5763.5,8566.280066750143,19724
1557014400,5765.6,5779.9,5627.6,5716.9,3376.2416072800434,8747
1557100800,5719.1,5752.0,5563.4,5687.4,5049.286432780085,12651
1557187200,5687.6,5967.8,5687.6,5744.0,9401.63059550014,18870
1557273600,5747.0,5983.2,5660.0,5939.6,5998.6457531201,13487
1557360000,5942.0,6174.0,5933.2,6151.4,7405.133636430266,19084
1557446400,6151.4,6430.0,6110.1,6337.9,9872.360354110333,25022
1557532800,6339.5,7450.0,6338.0,7209.9,18569.930018430794,51812
1557619200,7207.9,7588.0,6724.1,6973.9,18620.154211980334,50539
1557705600,6970.1,8169.3,6870.0,7816.3,19668.596825580196,54194
1557792000,7817.1,8339.9,7620.0,7993.7,18121.97543720087,52460
1557878400,7988.9,8296.9,7829.6,8203.0,11613.972466140374,34228
1557964800,8201.5,8370.0,7650.0,7880.7,13423.211820490365,39991
1558051200,7883.6,7946.2,6636.0,7350.0,21017.34501539019,53898
1558137600,7353.9,7494.2,7205.0,7266.8,6258.58492132011,17594
1558224000,7265.0,8300.0,7257.0,8194.9,15307.902539091023,35796
1558310400,8197.2,8198.2,7567.2,8005.0,12253.397162160649,33698
1558396800,7999.2,8116.0,7807.0,7951.9,7202.602531120131,19559
1558483200,7951.7,8050.0,7510.0,7622.1,8749.254171230272,23908
1558569600,7623.1,7986.6,7470.0,7878.9,8037.5168517402135,19937
1558656000,7880.5,8173.7,7800.2,8000.0,7532.628959070325,20171
1558742400,8000.0,8161.0,7946.9,8066.5,3059.7492550400116,9651
1558828800,8067.4,8788.0,7896.2,8736.3,9721.052292260192,30267
1558915200,8733.0,8953.4,8662.7,8778.7,7687.307063910461,25870
1559001600,8773.0,8814.6,8200.0,8720.1,5812.896558740125,18526
1559088000,8720.1,8752.4,8429.1,8663.2,5925.731989960121,16139
1559174400,8664.1,9094.4,7988.8,8269.6,12998.583322780381,41139
1559260800,8272.0,8591.1,8110.1,8552.9,9030.115631010096,24387
1559347200,8552.9,8622.5,8461.6,8549.9,2928.40623522001,10713
1559433600,8549.5,8841.3,8540.8,8742.5,3811.649651150072,13463
1559520000,8740.0,8746.0,8039.0,8120.0,9017.517158840159,24292
1559606400,8103.6,8104.7,7425.0,7670.0,14416.395501530453,39040
1559692800,7668.9,7934.8,7565.0,7787.1,7857.732183010228,22106
1559779200,7787.8,7875.0,7440.0,7804.3,8129.114796440149,20785
1559865600,7799.0,8131.6,7765.0,8000.5,6580.752879700192,18535
1559952000,8000.0,8060.6,7785.2,7928.7,3423.3720368000286,12085
1560038400,7928.6,7960.0,7510.0,7642.1,4243.529301920037,14585
1560124800,7638.5,8076.7,7525.0,8019.9,7215.605818910122,16722
1560211200,8019.4,8052.0,7715.0,7921.4,6846.679926661361,22929
1560297600,7922.2,8286.8,7823.1,8171.0,8081.908394360971,24698
1560384000,8171.0,8344.9,8005.0,8237.6,5762.341755820008,20248
1560470400,8237.6,8740.0,8175.0,8694.0,7257.807264291014,27379
1560556800,8694.0,8912.0,8620.3,8856.8,5293.935888300072,23168
1560643200,8857.0,9390.0,8456.0,8976.1,12551.75925319051,39330
1560729600,8976.0,9470.0,8971.9,9335.0,8436.7420235089,35958
1560816000,9335.0,9355.0,8943.0,9080.5,6320.076049850241,22083
1560902400,9077.3,9323.3,9040.0,9277.1,4408.223006710039,14119
1560988800,9282.1,9600.0,9213.2,9534.3,6475.2640010903015,22100
1561075200,9533.2,10250.0,9533.2,10219.2,9099.706903740263,29051
1561161600,10216.2,11216.8,10000.0,10663.8,12842.485862651663,54100
1561248000,10663.6,11286.8,10474.0,10814.1,5943.468917079978,34849
1561334400,10812.1,11102.6,10511.0,11020.6,5457.412725870096,26308
1561420800,11023.9,11800.0,11007.5,11765.1,11623.88144358078,40223
1561507200,11765.1,13875.7,11540.1,12933.7,25637.82859517951,100171
1561593600,12933.2,13360.9,10300.0,11148.0,25035.66966056969,90274
1561680000,11161.9,12450.0,10723.3,12360.0,13815.536213721096,50195
1561766400,12370.0,12436.2,11172.6,11865.1,10990.602883781728,44270
1561852800,11865.1,12200.0,10650.0,10752.3,10959.68537569054,38558
1561939200,10749.4,11239.0,9900.0,10575.9,14633.394385371397,47606
1562025600,10578.7,10947.3,9666.0,10837.3,15317.902081571521,51153
1562112000,10837.2,12037.0,10807.3,11979.8,16123.600345491754,52160
1562198400,11984.7,12064.4,10601.0,11148.3,7856.199477080426,31922
1562284800,11145.0,11482.9,10736.0,11006.0,8055.436770220443,30004
1562371200,10988.7,11728.5,10945.6,11233.5,5353.274287480079,21980
1562457600,11234.2,11631.2,11000.0,11480.7,4619.325464550098,19305
1562544000,11481.5,12404.6,11323.7,12298.0,7494.778126870409,28061
1562630400,12299.7,12826.5,12127.0,12570.5,8812.143757151127,35586
1562716800,12562.9,13197.8,11555.0,12096.2,12774.214314492285,54666
1562803200,12096.0,12096.0,10957.0,11343.5,13431.145831692442,49777
1562889600,11346.1,11930.2,11091.3,11798.1,7210.2604202403,31386
1562976000,11804.0,11844.5,10800.1,11381.5,7153.015363480521,35347
1563062400,11381.5,11461.1,10275.1,10621.1,7554.981689040821,33052
1563148800,10622.7,11078.3,9789.0,10840.4,9896.553647090625,36293
1563235200,10840.8,11038.1,9365.0,9420.3,14549.889761431354,48609
1563321600,9420.5,9979.4,9099.0,9703.9,13073.681659221955,40937
1563408000,9701.3,10800.0,9250.1,10636.6,13028.996646471709,43075
1563494400,10647.2,10775.0,10122.0,10535.2,7418.361362610493,26115
1563580800,10530.8,11210.0,10379.5,10774.9,6939.807345230247,22285
1563667200,10774.7,10842.2,10188.0,10595.3,5461.712217550117,17824
1563753600,10595.3,10685.1,10071.0,10323.9,6592.613414740701,21107
1563840000,10324.0,10328.9,9800.0,9840.6,7956.172643840358,22742
1563926400,9840.6,9919.6,9500.1,9769.8,8280.474151700655,33363
1564012800,9770.0,10187.4,9734.6,9878.0,5604.361025660157,16924
1564099200,9878.0,9911.3,9625.2,9852.0,4320.299437630009,13851
1564185600,9850.9,10204.6,9269.1,9471.8,6349.4388301003455,26353
1564272000,9472.8,9630.0,9120.0,9531.7,3862.18796917007,19465
1564358400,9536.2,9709.7,9375.0,9499.9,4104.961771379993,18260
1564444800,9495.4,9766.1,9381.3,9594.1,3996.7021489000954,17644
1564531200,9594.0,10135.8,9575.0,10090.1,6067.911150850257,18322
1564617600,10090.3,10530.0,9882.4,10408.9,6555.6865286802395,18613
1564704000,10408.9,10665.4,10327.9,10531.5,5203.222011790123,16546
1564790400,10532.7,10928.0,10507.0,10809.9,3958.824862030045,15064
1564876800,10809.9,11078.7,10539.9,10972.4,4989.39900931009,17143
1564963200,10977.6,11940.0,10973.0,11799.6,8456.180184770685,36496
1565049600,11799.6,12340.0,11200.0,11458.8,10983.926459990604,40459
1565136000,11458.1,12173.8,11387.0,11962.7,9518.032433730985,31846
1565222400,11973.3,12065.0,11472.6,11982.6,5503.289670460212,22264
1565308800,11992.9,12042.0,11660.0,11857.6,4972.627350520073,19185
1565395200,11859.6,11975.0,11230.2,11284.7,5075.904543170017,24199
1565481600,11280.0,11581.0,11101.9,11526.7,3242.585423789985,14402
1565568000,11539.7,11550.2,11235.0,11384.2,2521.4099431300456,17711
1565654400,11386.0,11442.6,10751.0,10857.0,5530.491689140051,25112
1565740800,10855.1,10862.0,9900.0,10018.0,9345.62962355064,30484
1565827200,10018.0,10450.0,9490.0,10304.5,11725.544212720182,45481
1565913600,10300.9,10535.0,9728.0,10362.1,8443.901142070461,30953
1566000000,10362.2,10475.0,9999.9,10211.8,3766.0585912199963,14581
1566086400,10211.8,10502.4,10065.0,10326.4,2908.4373604099974,12556
1566172800,10325.0,10950.0,10267.5,10921.8,5196.359819860413,18773
1566259200,10921.4,10959.0,10560.1,10759.9,3828.5652088899337,15832
1566345600,10759.9,10800.0,9853.2,10125.0,8841.958134260258,30182
1566432000,10125.0,10233.9,9752.2,10107.9,6511.3706498404,21903
1566518400,10105.2,10478.6,10037.7,10406.3,4021.567156999967,15345
1566604800,10407.5,10421.4,9883.4,10140.5,4180.401122590005,14701
1566691200,10148.7,10398.6,9910.1,10134.5,4209.491044219946,15297
1566777600,10142.1,10697.9,10142.1,10364.6,7297.688665680415,24150
1566864000,10364.4,10387.9,10033.0,10177.3,3401.1159572603815,17929
1566950400,10180.0,10297.7,9533.0,9716.1,6687.993853340276,30997
1567036800,9714.9,9714.9,9307.8,9484.3,5907.220444660152,26331
1567123200,9484.7,9708.0,9350.5,9578.0,4391.339140570146,15263
1567209600,9577.9,9690.0,9400.0,9604.3,1980.0870707899621,9205
1567296000,9602.1,9850.0,9540.8,9764.9,2143.7928639399615,8815
1567382400,9765.0,10490.0,9752.8,10389.5,6360.4793209602185,21762
1567468800,10389.6,10785.6,10271.6,10614.6,7101.505817870276,21808
1567555200,10619.7,10892.1,10319.0,10584.9,6149.093772680229,19426
1567641600,10585.0,10662.4,10457.3,10574.9,3484.5875994199587,11918
1567728000,10577.5,10947.0,10145.3,10311.8,8328.945499320433,25459
1567814400,10307.5,10569.1,10307.5,10483.4,2190.392548559984,10090
1567900800,10483.3,10599.1,10240.9,10408.6,2078.2544043599737,8776
1567987200,10398.9,10523.0,10051.0,10314.5,4756.568702840064,13745
1568073600,10309.2,10388.0,9938.1,10094.5,4302.894740560023,12836
1568160000,10097.0,10250.0,9886.5,10160.7,5419.954801610216,13518
1568246400,10161.0,10479.9,10040.1,10420.0,4997.3656860501715,15335
1568332800,10419.8,12000.0,8000.0,10362.1,4222.0855635800835,12771
1568419200,10362.2,10440.0,10210.7,10363.2,2090.842969019976,8515
1568505600,10363.5,10380.0,10270.1,10311.3,1231.0715846599987,5038
1568592000,10311.3,10374.7,10000.0,10260.6,3342.934450370041,11463
1568678400,10260.7,10276.3,10134.7,10190.0,2862.786290000013,11936
1568764800,10188.0,10259.9,10041.8,10157.6,2947.652766319559,13840
1568851200,10157.7,10375.0,9633.8,10274.4,6317.873925570233,20639
1568937600,10274.4,10310.0,10069.0,10173.3,2979.5713600900085,9501
1569024000,10173.8,10175.1,9903.7,9978.4,2133.8302108899625,11561
1569110400,9980.0,10080.0,9850.0,10029.1,2127.3444134799697,8413
1569196800,10029.2,10045.4,9615.0,9686.9,4041.3550799200057,14508
1569283200,9696.0,9776.0,8046.0,8536.7,16439.013842061042,56567
1569369600,8535.0,8743.6,8000.0,8439.0,10165.917652980303,34215
1569456000,8439.0,8465.7,7730.0,8060.3,10824.421096469903,38308
1569542400,8063.0,8290.0,7850.0,8196.0,7405.798148580383,21317
1569628800,8195.9,8426.0,8024.9,8213.5,3824.9277483399815,11962
1569715200,8214.0,8240.3,7909.0,8053.1,4937.633064620062,13621
1569801600,8053.3,8363.0,7655.0,8310.0,7532.446691629252,29502
1569888000,8310.0,8540.0,8201.8,8323.0,7856.250205409651,31716
1569974400,8323.0,8389.0,8168.2,8382.3,3884.7247580300036,12206
1570060800,8382.2,8411.7,8070.1,8238.1,5110.216416410048,14991
1570147200,8245.4,8248.0,8001.0,8152.2,3962.292889130004,10426
1570233600,8155.0,8211.4,8023.3,8148.4,2165.3333885399716,7275
1570320000,8150.8,8181.6,7780.0,7863.0,4761.79735033004,14134
1570406400,7863.0,8316.2,7769.7,8213.4,6458.493965340103,16850
1570492800,8213.4,8348.0,8112.1,8189.6,3839.8668814100333,10911
1570579200,8180.2,8690.0,8118.1,8590.8,6095.515667330198,17114
1570665600,8589.9,8660.0,8456.8,8588.6,4491.796464650029,11427
1570752000,8588.6,8932.5,8230.3,8270.6,6684.488360030203,17586
1570838400,8269.3,8419.9,8265.0,8305.1,1335.9479435599953,5817
1570924800,8305.1,8470.5,8144.4,8280.0,2659.7792675399965,9144
1571011200,8280.0,8421.6,8214.6,8354.6,2175.1951310599943,7377
1571097600,8354.6,8419.1,8060.5,8164.5,3446.2855786200116,10370
1571184000,8164.5,8176.2,7916.0,8000.0,4175.765135850022,10395
1571270400,8000.1,8136.4,7938.8,8077.1,3371.3483950400278,8901
1571356800,8077.1,8113.9,7821.0,7956.4,4812.452999480053,13337
1571443200,7956.3,8104.7,7878.6,7958.9,2506.192899980007,8344
1571529600,7960.0,8305.0,7882.5,8240.2,3549.212618090042,10558
1571616000,8240.1,8387.3,8136.0,8217.8,3238.665670530003,8989
1571702400,8210.3,8325.0,8000.0,8020.6,4402.043477140041,10140
1571788800,8020.6,8050.3,7302.0,7475.0,9256.02935576037,25558
1571875200,7473.9,7520.0,7360.0,7428.5,3888.468482099982,9395
1571961600,7426.4,8788.0,7400.0,8665.2,11146.746420070673,30950
1572048000,8669.4,10580.5,8646.6,9258.2,21100.985442460504,61563
1572134400,9261.7,9821.0,9106.3,9543.1,8972.376878370105,24569
1572220800,9554.1,9936.5,9187.6,9218.7,7774.236649030219,21453
1572307200,9217.1,9563.8,9030.0,9435.7,6443.023270890066,17161
1572393600,9435.1,9435.3,9000.0,9166.2,4885.884403270061,14515
1572480000,9163.9,9459.7,8949.6,9146.7,5161.900351640165,24560
1572566400,9151.9,9323.4,9058.1,9258.9,3424.0889847700473,12702
1572652800,9258.2,9392.0,9204.4,9303.6,2319.7521900100082,8710
1572739200,9303.6,9383.7,9080.0,9209.3,1976.0749780399747,8018
1572825600,9209.9,9600.0,9130.0,9415.3,4210.555470020018,13505
1572912000,9415.2,9534.7,9175.0,9315.4,3879.8931413600244,12039
1572998400,9313.0,9444.0,9255.0,9338.4,2425.049435229993,8447
1573084800,9339.6,9375.0,9084.9,9205.0,2735.3676193599917,11363
1573171200,9205.0,9247.6,8675.0,8766.0,6097.430965450078,17102
1573257600,8765.9,8877.2,8721.0,8812.0,1669.9024807799767,7011
1573344000,8812.1,9147.6,8751.7,9039.1,2916.5229466599976,11265
1573430400,9039.0,9068.2,8610.0,8717.0,3855.376968140015,10991
1573516800,8717.0,8868.1,8560.0,8812.8,3351.9603214999947,10499
1573603200,8812.8,8839.7,8709.6,8762.1,1944.9588471799796,6627
1573689600,8763.9,8785.0,8561.0,8632.1,2648.090745639986,8758
1573776000,8632.0,8780.0,8375.4,8456.0,4632.182328620064,13857
1573862400,8455.9,8530.0,8430.0,8485.1,1557.1707609099958,4969
1573948800,8487.0,8630.0,8363.5,8503.2,2173.9890309199827,7000
1574035200,8503.2,8503.2,8030.0,8170.1,5103.113131610085,16125
1574121600,8168.8,8198.7,7987.2,8122.1,3917.410243619987,10971
1574208000,8124.9,8220.0,8030.0,8083.1,3329.9201330299857,8426
1574294400,8083.1,8116.5,7399.0,7619.1,7275.881648280218,20867
1574380800,7619.1,7719.3,6761.0,7284.8,13608.745362900847,35629
1574467200,7284.7,7339.9,7105.2,7322.6,3450.7318272499942,10661
1574553600,7322.5,7344.0,6836.9,6903.9,5289.087086730127,14054
1574640000,6903.9,7372.6,6525.0,7127.8,11883.521133640706,28220
1574726400,7125.8,7340.0,7025.0,7161.6,5289.895888500038,13331
1574812800,7161.6,7676.9,6854.5,7525.9,10280.360345790552,24961
1574899200,7523.8,7654.0,7373.2,7427.9,5151.048885940108,13448
1574985600,7427.9,7867.5,7412.4,7756.8,5710.648893570081,15050
1575072000,7756.6,7810.0,7452.1,7558.9,3783.844867879973,10905
1575158400,7558.9,7558.9,7228.8,7398.4,5458.620576740108,13690
1575244800,7398.3,7426.7,7160.1,7305.8,4088.186811859968,13711
1575331200,7304.0,7410.0,7245.0,7294.1,2968.671341899978,10626
1575417600,7299.5,7800.6,7068.2,7190.5,8221.356264330296,22747
1575504000,7196.2,7488.8,7157.9,7394.0,5740.729279620154,14854
1575590400,7395.0,7611.3,7311.0,7545.7,4660.878272120081,13013
1575676800,7546.3,7630.0,7491.3,7509.2,1904.4018854399797,8169
1575763200,7507.2,7583.1,7400.0,7521.0,2035.4011155199746,7048
1575849600,7518.7,7666.0,7256.7,7334.5,6674.371144630173,14761
1575936000,7334.5,7398.0,7160.0,7219.3,3914.441314649991,11310
1576022400,7218.7,7273.8,7125.0,7202.0,2841.9367257700114,9175
1576108800,7201.9,7294.9,7077.0,7190.1,4286.99055883001,9811
1576195200,7190.2,7300.0,7182.7,7251.9,2900.500698739985,7836
1576281600,7251.9,7272.1,7010.0,7067.5,2770.379308340007,8031
1576368000,7067.5,7203.0,7010.0,7113.7,2347.9380636099936,6660
1576454400,7112.8,7140.0,6800.0,6876.7,5102.8051999100835,12948
1576540800,6877.4,6939.0,6563.0,6611.1,6131.257528610157,16220
1576627200,6612.9,7488.2,6430.2,7287.9,11212.511533870429,27241
1576713600,7293.4,7379.8,7045.0,7149.8,5337.3356170601155,12060
1576800000,7150.5,7218.0,7076.7,7191.5,3440.040815879987,7706
1576886400,7191.6,7191.6,7117.6,7143.5,1353.2228694499968,4297
1576972800,7143.5,7526.9,7124.0,7510.0,4534.829359070035,10758
1577059200,7510.1,7690.5,7265.0,7324.0,7541.527587000179,16521
1577145600,7315.2,7420.4,7160.0,7253.3,4866.134307400077,11026
1577232000,7252.9,7271.8,7116.1,7192.1,3360.656797309991,7579
1577318400,7193.0,7428.9,7150.0,7195.5,3667.0310074700856,10268
1577404800,7196.4,7255.0,6934.8,7246.4,3927.3940909000453,10764
1577491200,7246.6,7350.0,7234.9,7300.1,2522.1580162499854,6891
1577577600,7300.6,7531.4,7280.0,7391.0,3018.8525509900132,9257
1577664000,7383.4,7383.4,7200.0,7209.7,3737.335759519985,8486
1577750400,7216.4,7301.1,7110.0,7168.3,2652.1350887799913,7734
1577836800,7168.3,7235.0,7150.0,7174.4,1827.6348937299797,5611
1577923200,7174.4,7185.8,6915.0,6942.3,4057.3315456199957,10384
1578009600,6943.4,7397.3,6860.0,7334.8,8120.491404720319,32245
1578096000,7333.2,7396.4,7260.0,7350.2,2912.373130550025,9109
1578182400,7350.2,7493.3,7301.1,7346.9,2904.0934939999725,8899
1578268800,7347.2,7800.0,7339.2,7757.3,5994.0749446002055,16738
1578355200,7760.0,8252.5,7727.1,8160.0,10390.756199720861,28060
1578441600,8160.3,8464.3,7875.0,8043.3,12263.42855540055,30922
1578528000,8043.3,8043.7,7749.9,7818.0,6127.639397490133,18438
1578614400,7818.1,8191.9,7666.3,8191.9,8032.135124820407,21249
1578700800,8191.9,8319.5,7999.3,8026.2,4806.777695590045,13260
1578787200,8023.3,8185.0,7951.2,8177.3,2330.0675471399804,6963
1578873600,8177.3,8188.8,8036.8,8104.0,2714.888251519992,7398
1578960000,8104.1,8892.0,8104.1,8815.5,15537.34136256079,36703
1579046400,8815.5,8900.0,8560.0,8810.3,8031.776989580365,24844
1579132800,8808.4,8846.2,8579.4,8717.8,4960.813722890102,15461
1579219200,8717.9,9004.0,8657.7,8901.5,8148.706392470292,21387
1579305600,8898.5,8975.0,8810.0,8907.7,3915.304064090015,10020
1579392000,8905.3,9185.0,8470.0,8705.8,8532.302676900506,22294
1579478400,8705.8,8731.9,8510.0,8629.4,3779.492361800019,10389
1579564800,8628.7,8782.2,8333.0,8723.3,4521.519072330054,11985
1579651200,8723.3,8795.0,8565.4,8659.0,3097.91256917995,10130
1579737600,8658.9,8662.1,8281.0,8390.1,5865.7000315701025,14604
1579824000,8390.1,8505.5,8215.2,8426.8,4582.860309110026,12880
1579910400,8426.8,8427.8,8253.3,8325.0,2513.0101298299983,7056
1579996800,8325.1,8601.9,8285.0,8592.7,3516.6668093599983,10030
1580083200,8599.3,8979.0,8565.0,8891.8,6287.217151080219,16577
1580169600,8891.8,9420.7,8873.9,9399.9,8030.840786410444,24957
1580256000,9395.0,9438.3,9222.6,9280.9,5598.646052430092,15472
1580342400,9281.2,9568.1,9060.0,9500.0,8016.285348640213,20223
1580428800,9500.5,9520.0,9200.0,9339.3,4869.462758060066,14134
1580515200,9337.1,9453.9,9283.5,9377.1,1680.52574218999,6281
1580601600,9377.0,9473.1,9150.0,9322.2,3269.3896837800016,10479
1580688000,9322.2,9610.0,9225.0,9281.0,4995.3482989101285,13598
1580774400,9280.8,9348.7,9078.8,9159.3,3809.731339550022,12336
1580860800,9159.3,9765.0,9150.2,9616.2,6914.053475540342,21151
1580947200,9612.8,9853.0,9520.0,9754.7,5888.038355850137,15751
1581033600,9754.7,9883.6,9715.0,9799.6,3687.0081277300055,11630
1581120000,9799.6,9942.0,9658.0,9904.3,3479.919135920022,10019
1581206400,9901.6,10180.0,9887.4,10160.1,4824.284684910138,14895
1581292800,10159.1,10200.0,9760.0,9850.1,5740.5375218401405,17203
1581379200,9850.1,10409.2,9707.0,10273.2,7498.787919860454,23063
1581465600,10271.6,10486.9,10218.0,10354.6,6776.937559740259,18651
1581552000,10352.6,10516.6,10060.3,10241.6,7307.310615680311,23316
1581638400,10241.6,10390.0,10097.4,10370.8,3567.7507352900993,14459
1581724800,10369.5,10400.0,9766.9,9904.6,3626.96333990012,17782
1581811200,9904.5,10046.8,9632.0,9923.9,3239.1698718600323,13630
1581897600,9921.1,9961.5,9476.4,9702.1,4759.257656620079,16247
1581984000,9702.2,10281.0,9615.0,10180.0,4946.630027690098,17543
1582070400,10180.3,10300.0,9346.0,9602.2,6771.753370860183,21218
1582156800,9602.0,9704.9,9350.0,9610.7,4154.0728687101555,14685
1582243200,9608.5,9771.4,9562.8,9698.2,2778.866791249997,10362
1582329600,9696.8,9717.6,9575.0,9671.5,1028.0012047600007,4819
1582416000,9670.0,10022.0,9666.0,9966.1,2462.426226279979,9879
1582502400,9967.5,10022.8,9485.0,9664.6,4234.870592930031,14438
1582588800,9661.8,9677.4,9244.0,9309.5,4373.897471170058,14084
1582675200,9307.7,9365.6,8645.0,8783.5,8419.184723640417,27187
1582761600,8783.3,8968.0,8516.3,8810.3,4871.4714351501525,17255
1582848000,8814.5,8895.0,8439.3,8715.5,5456.724599240082,17325
1582934400,8706.8,8795.0,8526.6,8529.1,2241.9659240599976,7731
1583020800,8526.1,8750.0,8405.0,8530.0,3134.0478895600463,9241
1583107200,8518.8,8965.0,8486.9,8924.7,4758.5650670100995,12391
1583193600,8918.4,8924.1,8662.5,8752.8,3892.828164549999,12476
1583280000,8756.6,8844.0,8670.4,8758.7,3140.2803402000427,10922
1583366400,8758.4,9170.0,8758.4,9066.0,4762.432909950176,16083
1583452800,9065.8,9175.0,9001.9,9154.9,3664.4395100400893,10671
1583539200,9154.8,9213.0,8856.0,8899.5,2985.5724461600907,9937
1583625600,8891.1,8891.1,8003.1,8035.6,7188.98135068024,22871
1583712000,8039.8,8185.0,7634.3,7927.8,9972.594751420567,29516
1583798400,7929.1,8153.5,7735.0,7886.9,7321.233208510148,20308
1583884800,7889.6,7986.1,7589.0,7943.3,6679.275697150131,18273
1583971200,7961.3,7967.3,4672.3,4850.0,39800.71505226781,128294
1584057600,4850.0,5999.0,3913.1,5630.2,45110.87342508626,163328
1584144000,5630.2,5664.9,5057.0,5162.2,11373.589389920653,29870
1584230400,5163.1,6002.2,5092.6,5340.1,14972.442417290946,39628
1584316800,5339.7,5345.8,4331.7,5042.3,25217.669139658556,65790
1584403200,5044.0,5565.1,4942.0,5331.7,17512.038438330976,38718
1584489600,5334.3,5450.0,5015.9,5415.2,17389.77099803074,33547
1584576000,5419.3,6433.6,5270.1,6184.5,21672.567941009358,53952
1584662400,6185.3,7020.0,5680.0,6206.8,22752.76020803097,66184
1584748800,6207.0,6469.9,5850.0,6196.3,11088.609270230556,31447
1584835200,6196.3,6419.9,5748.7,5825.5,11834.239978280562,32989
1584921600,5820.6,6615.0,5688.1,6505.1,16490.584917871194,43515
1585008000,6498.4,6875.0,6404.0,6769.0,15187.887373890957,40152
1585094400,6766.8,6985.0,6462.5,6689.9,12154.11551176066,31283
1585180800,6690.0,6796.2,6524.8,6767.0,7007.124591540134,20184
1585267200,6764.2,6869.0,6280.0,6376.4,9964.063906610261,25100
1585353600,6376.3,6376.4,6039.0,6251.8,9047.777137440307,24372
1585440000,6252.6,6281.1,5866.3,5875.0,6451.480742490439,18848
1585526400,5875.0,6640.0,5851.0,6403.2,11024.051467640624,28984
1585612800,6403.8,6525.0,6336.0,6422.1,6173.385897920153,16759
1585699200,6422.2,6710.0,6157.4,6662.9,11298.752598340354,27358
1585785600,6662.9,7269.0,6576.4,6803.8,18344.455135120268,43096
1585872000,6800.5,7053.3,6610.0,6738.6,11139.798714810284,25332
1585958400,6738.6,7002.0,6654.5,6873.2,6160.362580140114,16997
1586044800,6873.0,6910.1,6681.8,6779.4,3842.2336429800484,13272
1586131200,6778.7,7370.0,6774.2,7343.5,12052.074551380598,31084
1586217600,7342.3,7474.9,7080.0,7206.2,10959.241092330385,30016
1586304000,7204.7,7425.7,7157.0,7368.0,7513.673683160077,22183
1586390400,7366.3,7378.1,7091.9,7294.1,7172.4670971801015,18816
1586476800,7294.1,7304.5,6750.0,6873.8,10944.2498138904,29234
1586563200,6873.7,6960.0,6771.4,6889.6,4297.110451690045,14230
1586649600,6886.8,7216.5,6795.0,6903.7,7413.51868624021,20764
1586736000,6903.7,6903.9,6560.0,6861.6,10209.636157580146,27198
1586822400,6862.1,6985.0,6772.7,6874.5,5897.65064809008,17278
1586908800,6874.6,6938.8,6601.0,6619.8,6376.292626910086,18335
1586995200,6618.1,7212.2,6478.6,7114.9,14381.391670450568,36230
1587081600,7112.4,7157.8,6989.7,7034.1,5728.811065630116,16268
1587168000,7034.5,7300.0,7025.4,7259.0,4787.197731750028,12911
1587254400,7258.9,7276.1,7066.2,7127.6,3469.2676138799943,10020
1587340800,7125.8,7224.0,6760.2,6839.2,7408.890869870157,20616
1587427200,6838.2,6952.6,6773.1,6852.1,4638.378961650071,13270
1587513600,6855.0,7165.0,6819.8,7136.9,5933.870005450107,14143
1587600000,7136.8,7790.0,7035.2,7485.0,11413.461622520605,29602
1587686400,7489.8,7610.0,7370.0,7507.8,7417.325300070134,16077
1587772800,7509.4,7731.8,7442.2,7550.1,5605.490596540038,12772
1587859200,7550.0,7710.0,7480.0,7703.9,4518.490226890085,11633
1587945600,7706.6,7795.0,7629.7,7792.4,6358.904211040047,15933
1588032000,7792.4,7794.9,7671.1,7755.8,4236.805664230019,9992
1588118400,7753.0,8978.0,7727.6,8779.9,20471.051906920107,54201
1588204800,8779.9,9487.9,8410.0,8629.6,23985.389925689862,61295
1588291200,8628.3,9065.0,8628.3,8824.6,8508.443955790128,24971
1588377600,8831.0,9016.2,8756.4,8983.1,5759.286713750156,19661
1588464000,8983.2,9204.8,8714.0,8905.5,8379.619773100121,26012
1588550400,8910.9,8972.5,8534.0,8886.3,8240.874319510125,27647
1588636800,8890.7,9119.9,8780.0,9027.4,7421.48480588012,21732
1588723200,9027.4,9430.0,8921.0,9166.1,11362.013133350447,31294
1588809600,9163.1,10080.2,9037.0,10001.0,18206.78074228042,48912
1588896000,10001.4,10048.2,9727.5,9809.5,9783.489382270343,31846
1588982400,9808.4,9911.7,9518.0,9539.7,8004.082453240163,23146
1589068800,9530.5,9570.1,7995.6,8716.5,21269.657392690366,69265
1589155200,8724.9,9175.0,8190.0,8570.8,18291.8276888102,49333
1589241600,8570.8,8975.0,8531.8,8823.7,7354.1034119400865,22313
1589328000,8818.1,9411.0,8808.1,9317.1,9472.110877610288,27926
1589414400,9317.1,9947.0,9256.9,9788.5,12966.020534070707,37987
1589500800,9788.5,9847.1,9128.0,9312.1,11082.915586330551,35220
1589587200,9310.5,9590.0,9221.1,9386.0,4905.165280780096,17890
1589673600,9379.3,9888.0,9317.1,9673.0,6998.249637950083,22267
1589760000,9675.6,9948.3,9400.0,9725.3,8025.3476343400935,26528
1589846400,9726.0,9900.0,9465.0,9779.3,8433.882529360126,24631
1589932800,9779.2,9841.4,9310.0,9510.1,8928.346999910244,26220
1590019200,9510.1,9564.0,8800.0,9057.3,12850.78533232037,38616
1590105600,9057.5,9261.2,8925.0,9169.0,5948.228464480147,22655
1590192000,9169.9,9316.0,9072.5,9178.6,3223.806446810017,13935
1590278400,9175.4,9300.0,8645.0,8715.1,6806.688998980105,23096
1590364800,8712.8,8975.0,8644.0,8898.1,6019.259898830103,19673
1590451200,8898.0,9012.0,8686.6,8841.7,5236.665565940064,16902
1590537600,8840.7,9226.0,8810.6,9213.9,6834.049904460103,22199
1590624000,9208.0,9625.0,9109.4,9577.9,8108.357589700159,24586
1590710400,9578.0,9608.6,9312.0,9425.0,6002.5693404299955,17515
1590796800,9424.9,9745.0,9330.0,9698.6,5071.764975670071,18928
1590883200,9699.9,9700.0,9380.0,9447.4,3643.435970210007,12212
1590969600,9447.9,10370.0,9414.6,10206.2,9866.951158350312,30372
1591056000,10210.1,10235.0,9300.0,9525.4,14963.957629820925,39767
1591142400,9516.0,9690.0,9310.9,9664.1,4383.395310090048,14044
1591228800,9670.0,9884.7,9465.0,9791.4,6818.328142690129,18652
1591315200,9792.1,9855.0,9537.9,9617.7,5121.006688160049,15855
1591401600,9617.6,9731.2,9527.4,9672.0,2681.153133079988,10113
1591488000,9668.7,9812.4,9386.6,9757.7,4869.616676090035,15720
1591574400,9755.7,9800.0,9626.8,9780.9,3571.199839830006,12171
1591660800,9782.0,9900.4,9560.3,9778.0,5905.613926679963,17299
1591747200,9778.0,10000.0,9680.0,9892.4,5841.623775459997,16682
1591833600,9892.2,9990.0,9090.5,9265.8,12247.96471877073,32843
1591920000,9265.8,9545.0,9234.0,9460.0,4753.441604000136,18475
1592006400,9459.9,9492.8,9353.8,9471.0,1910.8142824099882,7882
1592092800,9472.9,9475.0,9230.6,9330.4,2680.3868017900018,9347
1592179200,9328.4,9499.9,8905.0,9425.3,9823.894282940284,31566
1592265600,9425.3,9593.0,9385.0,9528.5,5563.380482460088,19545
1592352000,9527.5,9556.8,9233.4,9453.1,5393.869046250016,19149
1592438400,9453.1,9480.0,9268.2,9381.5,3652.896918280025,15791
1592524800,9381.5,9439.7,9219.9,9302.1,4506.12586124005,17317
1592611200,9301.2,9394.9,9165.0,9355.6,2127.730458170001,9012
1592697600,9357.0,9416.9,9280.0,9284.7,2014.1998150199909,6335
1592784000,9284.7,9780.0,9275.0,9694.0,5237.8134433701025,16812
1592870400,9694.0,9721.3,9575.8,9622.3,3628.18725463002,10977
1592956800,9625.5,9661.7,9200.0,9282.0,5937.382567520235,20155
1593043200,9290.6,9337.5,8992.4,9233.5,6244.400485700108,17402
1593129600,9238.0,9285.0,9028.6,9150.3,5297.724286400066,14564
1593216000,9153.0,9183.3,8812.8,9002.0,4249.829479990028,13967
1593302400,9003.9,9189.3,8937.5,9113.7,2562.549236000005,9163
1593388800,9113.8,9230.0,9013.0,9183.5,4167.075032250022,11252
1593475200,9186.4,9199.0,9061.3,9133.9,2685.8519059299856,8211
1593561600,9135.0,9300.3,9094.2,9234.5,3526.7614126000176,11919
1593648000,9233.9,9269.2,8935.6,9086.0,4547.45864937007,13765
1593734400,9086.0,9123.1,9041.4,9058.0,1652.1633885099843,7239
1593820800,9058.1,9194.8,9044.9,9138.5,1524.4031611299943,6148
1593907200,9138.5,9143.5,8915.1,9083.8,1933.6621697699936,6980
1593993600,9083.8,9372.0,9065.2,9348.2,4710.448473330041,14341
1594080000,9347.1,9378.0,9204.1,9256.8,3589.573913250017,11121
1594166400,9258.4,9480.0,9237.6,9440.1,4307.70416023999,16299
1594252800,9440.0,9440.1,9155.2,9240.2,3776.718261659986,14412
1594339200,9236.0,9314.9,9125.0,9286.0,2668.9729841799763,10967
1594425600,9286.1,9296.7,9186.4,9234.6,1145.0806770699985,5708
1594512000,9234.5,9340.0,9161.5,9300.0,1679.9669548599961,6241
1594598400,9300.0,9367.7,9195.7,9236.2,2850.6943833699784,10587
1594684800,9237.2,9275.0,9095.0,9252.2,3085.473584789991,11612
1594771200,9253.9,9272.7,9155.1,9195.0,3307.1267469899753,10986
1594857600,9194.9,9208.8,9021.7,9130.9,3908.408895360002,13388
1594944000,9131.0,9182.1,9078.5,9152.2,2171.6798309099963,7968
1595030400,9152.2,9208.9,9123.0,9174.1,1053.2654712499975,5204
1595116800,9173.7,9238.2,9111.1,9213.7,1355.34662685,5746
1595203200,9216.1,9224.6,9131.5,9163.0,2034.7191103499954,7441
1595289600,9163.0,9436.0,9157.3,9393.8,4022.0483018599953,13722
1595376000,9393.9,9569.0,9281.8,9529.9,3139.8690207899454,12065
1595462400,9529.8,9676.0,9460.0,9612.0,4565.297418839963,15082
1595548800,9612.0,9649.0,9480.0,9553.6,3345.5535598100037,12119
1595635200,9553.6,9748.1,9540.9,9710.2,2412.074060769995,9599
1595721600,9712.1,10197.0,9666.7,9939.6,5224.800837820002,17684
1595808000,9939.6,11420.0,9937.1,11046.1,16317.13418061077,51086
1595894400,11051.0,11263.1,10588.0,10934.0,8489.685815040195,31581
1595980800,10934.0,11348.0,10852.2,11108.2,6258.410778320079,21687
1596067200,11111.1,11187.2,10828.8,11114.8,5060.251681090035,17307
1596153600,11114.8,11460.0,10980.0,11356.2,5391.832875100062,18336
1596240000,11356.1,11883.4,11239.4,11809.9,6935.588019170106,26506
1596326400,11811.0,12126.6,10590.0,11067.1,9103.232757310241,34756
1596412800,11072.1,11484.2,10827.9,11237.3,4734.357852040056,16618
1596499200,11237.1,11419.0,11028.5,11197.5,3413.5117966400094,14033
1596585600,11200.0,11791.4,11099.2,11746.0,5230.820706580125,20502
1596672000,11746.0,11912.2,11579.3,11771.5,4417.04203441002,18399
1596758400,11771.5,11918.7,11350.0,11603.5,5264.9732338100575,21130
1596844800,11603.5,11813.8,11540.0,11768.0,2217.988309389991,11972
1596931200,11768.0,11804.9,11532.5,11687.5,1618.5527085099902,10288
1597017600,11689.7,12082.9,11535.5,11898.7,6928.456340410119,26144
1597104000,11898.7,11939.0,11133.0,11391.7,7265.366587330155,28468
1597190400,11391.6,11620.0,11163.0,11576.6,4049.321046140017,16814
1597276800,11576.7,11799.0,11269.0,11794.6,4296.453870910003,20630
1597363200,11794.8,11867.1,11658.5,11772.6,3549.5733847000024,16174
1597449600,11775.0,11988.0,11675.0,11858.3,3176.274402040002,15492
1597536000,11855.6,11939.5,11701.0,11916.8,1955.2623729799807,11679
1597622400,11919.9,12480.6,11775.0,12301.7,6920.632439190161,26337
1597708800,12301.7,12393.7,11807.7,11957.0,6055.424528500091,25682
1597795200,11955.2,12020.0,11569.4,11757.4,5945.744553410078,23240
1597881600,11757.2,11899.7,11675.0,11864.6,3273.1438884999675,14235
1597968000,11864.5,11884.8,11500.0,11522.7,3996.1063977800236,21231
1598054400,11522.7,11687.0,11350.0,11672.7,2777.535563319962,15446
1598140800,11672.7,11715.0,11525.2,11652.6,1207.4379313099957,8026
1598227200,11653.2,11821.9,11600.0,11764.8,2158.1954737699853,12407
1598313600,11760.5,11768.8,11120.0,11330.0,5257.963037600106,22127
1598400000,11330.1,11539.0,11251.7,11469.5,2742.5278126699454,14088
1598486400,11469.6,11598.8,11128.4,11327.9,4707.310185590023,17072
1598572800,11327.9,11549.7,11283.8,11532.6,2688.00400618998,14308
1598659200,11531.0,11580.0,11408.1,11480.9,1489.5349914599922,8934
1598745600,11480.9,11715.0,11469.0,11713.1,1357.3599300399892,9414
1598832000,11713.0,11785.0,11580.0,11656.9,2463.347741909988,11046
1598918400,11657.2,12068.6,11532.8,11926.8,4033.230110039991,19524
1599004800,11926.3,11955.3,11187.0,11396.9,6177.247378000144,25067
1599091200,11399.2,11478.0,10025.0,10180.1,10567.152148100211,37840
1599177600,10180.0,10634.8,9914.6,10463.6,7291.888589340162,27799
1599264000,10463.5,10565.0,9856.3,10162.2,6725.5237442400785,25088
1599350400,10164.0,10345.0,10010.0,10253.1,2497.157864050026,12030
1599436800,10256.2,10415.3,9877.6,10377.4,4070.350317720036,16065
1599523200,10377.5,10440.0,9850.0,10123.3,5532.391834340078,19272
1599609600,10123.3,10350.0,9983.2,10229.7,3169.4485066000098,12860
1599696000,10229.5,10488.0,10227.5,10350.1,3714.0908714200655,14946
1599782400,10350.0,10411.3,10210.0,10398.2,2682.488752459993,11596
1599868800,10398.1,10475.0,10280.0,10447.5,2068.3659933200065,8651
1599955200,10447.5,10573.0,10217.2,10328.2,2427.791966680011,9501
1600041600,10328.2,10745.0,10251.2,10674.9,4151.732283390078,15823
1600128000,10675.0,10935.0,10620.0,10785.2,4280.924355380103,17159
1600214400,10785.2,11097.9,10670.2,10951.1,4155.036209837328,43022
1600300800,10951.3,11043.2,10750.3,10944.8,3387.945446800045,25530
1600387200,10944.8,11039.1,10818.0,10934.7,2354.540575040001,11516
1600473600,10934.8,11178.2,10898.9,11080.7,1827.5691614199786,8709
1600560000,11078.0,11078.0,10766.2,10918.5,2298.823521739985,9810
1600646400,10918.6,10985.0,10300.0,10415.0,6425.3480772201265,20636
1600732800,10417.9,10570.0,10362.8,10532.5,3177.4416282300094,11869
1600819200,10531.2,10534.0,10134.6,10230.7,4306.72297782009,15264
1600905600,10230.7,10788.3,10192.4,10740.2,4593.252937050111,16781
1600992000,10738.9,10761.6,10565.0,10695.1,3847.358267840019,14508
1601078400,10695.3,10835.0,10662.2,10733.3,1457.363815439994,7371
1601164800,10733.4,10799.0,10600.0,10776.1,1581.0633772299893,7583
1601251200,10778.4,10945.0,10640.0,10694.1,3476.4484825400273,13436
1601337600,10694.1,10860.0,10645.0,10842.2,2743.9082823000076,11824
1601424000,10841.4,10842.4,10670.0,10774.9,2473.8292208799926,10450
1601510400,10774.9,10930.0,10451.0,10616.1,5064.961718290039,19068
1601596800,10611.0,10655.5,10384.3,10574.8,3866.327309740066,15584
1601683200,10574.8,10603.7,10504.1,10553.0,1221.4305343699955,5661
1601769600,10553.0,10690.0,10531.2,10676.4,1234.2517438099924,5796
1601856000,10676.4,10799.0,10632.0,10799.0,2274.0205789399797,9497
1601942400,10799.0,10803.6,10527.0,10605.4,3347.5426593000197,12055
1602028800,10605.0,10676.6,10552.6,10669.9,2177.5058747600024,9062
1602115200,10670.0,10969.6,10540.0,10934.1,4228.066938280061,14399
1602201600,10931.9,11110.6,10842.0,11060.2,3237.0077305100467,13030
1602288000,11060.1,11499.0,11060.1,11301.5,3960.958900770055,13839
1602374400,11299.4,11443.9,11262.0,11376.6,2180.8863259699933,7814
1602460800,11376.6,11725.9,11202.9,11535.8,4883.071879890048,15877
1602547200,11534.6,11560.0,11315.0,11428.6,3464.4754267800063,12311
1602633600,11428.9,11555.0,11300.0,11433.1,2817.8590861899906,10656
1602720000,11433.2,11628.0,11255.3,11501.0,3310.606036180017,12138
1602806400,11501.0,11549.0,11207.0,11326.9,3689.1844969900144,13455
1602892800,11327.0,11411.8,11254.6,11363.9,1155.9542863099962,5034
1602979200,11364.0,11515.1,11355.7,11508.9,1062.879124349999,5240
1603065600,11508.8,11838.3,11416.6,11757.0,4364.707014260076,14334
1603152000,11757.0,12070.0,11678.8,11925.4,5301.912446320056,17619
1603238400,11926.7,13241.4,11905.7,12813.0,11497.593474370668,38325
1603324800,12813.0,13199.0,12690.5,12984.1,5337.4366232501125,22865
1603411200,12985.4,13032.8,12735.0,12939.0,3897.169550070075,16226
1603497600,12939.0,13172.3,12890.7,13130.9,1813.5869816899865,8277
1603584000,13130.9,13351.0,12833.0,13039.2,3508.3677975500655,12947
1603670400,13039.8,13243.6,12801.0,13080.0,4628.577690140081,17227
1603756800,13080.0,13794.8,13064.0,13649.6,7598.844079270205,26506
1603843200,13649.1,13851.6,12900.0,13289.5,8264.04057366033,29643
1603929600,13288.0,13644.0,12975.0,13463.1,5549.850250940129,21909
1604016000,13462.1,13684.9,13131.0,13567.0,6467.916010970322,21764
1604102400,13567.0,14080.0,13425.5,13809.1,5282.111552020207,21699
1604188800,13799.0,13900.6,13634.6,13762.5,2302.111456339977,10406
1604275200,13762.6,13840.0,13218.3,13565.8,5151.11685948006,19179
1604361600,13568.3,14062.8,13305.0,14021.8,5039.102501740165,20569
1604448000,14028.8,14266.4,13540.7,14163.3,7484.67922848029,27775
1604534400,14165.7,15782.3,14120.1,15610.4,13893.35310348068,51840
1604620800,15610.3,15967.0,15177.0,15599.2,9645.327078111042,43154
1604707200,15602.8,15769.9,14365.0,14837.3,7646.399470381139,40207
1604793600,14837.4,15650.0,14726.6,15480.1,4503.790867310148,21957
1604880000,15480.0,15843.3,14824.7,15322.9,7504.180589730604,32794
1604966400,15339.1,15474.9,15100.0,15316.7,3736.893017670035,16500
1605052800,15319.0,15990.0,15300.0,15708.7,6372.856204410217,27051
1605139200,15708.6,16345.0,15425.3,16307.8,9541.89852023037,39087
1605225600,16308.6,16489.4,15980.6,16343.4,6047.970998300438,27495
1605312000,16343.3,16343.4,15735.0,16080.1,3713.3489932700727,19483
1605398400,16086.5,16170.5,15801.0,15962.3,2083.205264019973,12207
1605484800,15966.8,16892.9,15884.3,16721.1,6629.53381631027,30395
1605571200,16723.8,17876.1,16569.5,17684.8,10140.278255340401,42560
1605657600,17680.0,18495.0,17200.0,17800.0,13809.843728740265,59887
1605744000,17800.0,18200.0,17369.0,17828.2,6833.901090470258,31933
1605830400,17827.4,18824.0,17780.0,18680.2,6868.259701700252,33716
1605916800,18673.6,18977.5,18333.0,18708.7,4874.535493840142,25441
1606003200,18708.7,18764.9,17620.0,18450.2,6457.671898930227,31144
1606089600,18433.7,18780.0,18005.0,18387.8,6160.781407390241,31294
1606176000,18380.2,19448.0,18069.7,19173.8,9038.296120500554,53693
1606262400,19169.6,19509.3,18425.1,18723.4,6923.700786770308,38695
1606348800,18725.9,18900.0,16210.0,17164.6,18298.68923292064,91267
1606435200,17165.0,17460.0,16450.8,17144.2,5962.048387930367,32538
1606521600,17146.0,17890.0,16871.1,17732.9,5037.346223550102,24962
1606608000,17731.6,18356.1,17525.0,18194.2,5284.400978850249,24202
1606694400,18195.6,19850.0,16660.0,19708.1,13486.018027200776,60924
1606780800,19706.5,19947.5,18111.0,18782.9,12790.053358840989,57759
1606867200,18777.0,19350.0,18347.1,19231.4,6800.558534190373,33181
1606953600,19219.3,19600.0,18851.9,19451.3,5045.72826462031,26550
1607040000,19440.7,19536.1,18561.6,18665.8,5834.1169808402865,31513
1607126400,18655.0,19179.3,18511.0,19153.0,2374.3677932999976,15943
1607212800,19153.1,19437.0,18857.8,19392.9,2717.6006532100387,17230
1607299200,19385.0,19440.0,18900.0,19178.6,3138.3648125999616,18286
1607385600,19182.5,19300.0,18120.0,18320.5,6386.01889423044,34898
1607472000,18313.1,18640.0,17649.9,18548.5,7731.943320430861,38590
1607558400,18548.4,18557.2,17911.1,18245.5,4911.090368080161,26137
1607644800,18246.4,18285.0,17572.0,18031.5,6183.564175740435,32806
1607731200,18031.5,18986.9,18024.0,18806.9,4583.50043711015,24137
1607817600,18814.4,19420.0,18712.6,19164.1,4740.411683030118,23056
1607904000,19163.0,19342.7,19002.0,19281.1,3153.2421407300176,16796
1607990400,19281.0,19551.5,19048.9,19439.7,5539.351455700208,26232
1608076800,19439.5,21577.4,19302.4,21378.1,11843.678797360797,58238
1608163200,21361.7,23751.0,21264.4,22826.2,18993.44181470027,100070
1608249600,22811.8,23317.1,22308.2,23130.5,6050.937551650454,34890
1608336000,23132.8,24288.2,22800.0,23871.5,6255.127803100403,35818
1608422400,23871.5,24297.7,23084.9,23480.7,5876.10037185035,32841
1608508800,23480.8,24090.0,21885.6,22716.1,10783.182649790486,53994
1608595200,22724.6,23837.0,22354.2,23828.2,5728.007667890302,31264
1608681600,23823.0,24080.0,22629.2,23226.7,8830.551955510418,44382
1608768000,23225.5,23750.0,22723.0,23718.6,4800.525210580177,26793
1608854400,23718.7,24777.7,23410.8,24698.6,6178.779514550169,32557
1608940800,24703.8,26800.0,24500.0,26441.2,9648.055367310699,50215
1609027200,26442.2,28353.2,25634.6,26251.4,14257.998617321815,82308
1609113600,26238.0,27460.9,26056.4,27029.5,7871.341499820463,42363
1609200000,27028.9,27400.0,25850.0,27376.2,8698.452603610487,43415
1609286400,27376.2,28972.1,27346.0,28879.9,10428.391221441043,56976
1609372800,28880.0,29291.7,27844.0,28959.2,7612.524386370592,43246
1609459200,28959.4,29670.0,28672.3,29398.9,5856.868976570414,33361
1609545600,29398.7,33245.0,29028.7,32238.8,19615.913508890873,102966
1609632000,32215.4,34771.0,32002.0,33082.7,12135.925771291435,93109
1609718400,33082.7,33652.3,27920.0,32048.0,16125.6284049796,117204
1609804800,32047.9,34499.0,29910.5,34050.0,10982.67553728196,75386
1609891200,34049.7,36989.0,33373.4,36876.7,12345.592001651808,90564
1609977600,36873.4,40376.9,36201.0,39489.0,16175.895568711992,108720
1610064000,39489.0,41989.0,36618.0,40666.7,14072.219035922346,106912
1610150400,40644.2,41418.0,38765.2,40252.1,5989.362506790425,49914
1610236800,40256.8,41437.5,34875.0,38170.5,14578.120382671363,101026
1610323200,38170.3,38249.9,30302.0,35439.3,27061.981962309626,178588
1610409600,35444.0,36626.6,32416.8,34046.4,13744.952017471596,90951
1610496000,34038.2,37820.0,32349.9,37390.1,13128.539822541543,80074
1610582400,37390.1,40115.0,36676.6,39151.6,10488.49678433105,70411
1610668800,39121.5,39686.1,34371.0,36739.8,13486.038390091615,90447
1610755200,36744.6,37947.5,35342.2,36014.6,8842.42252093053,54004
1610841600,36010.5,36873.9,33850.0,35816.4,9017.896270850686,54871
1610928000,35815.6,37400.0,34754.5,36622.5,7464.626337740758,45192
1611014400,36622.5,37860.0,35900.0,35925.6,6298.67637683089,48305
1611100800,35925.5,36396.7,33374.0,35511.8,9170.190745671152,60481
1611187200,35511.8,35614.1,30056.1,30832.6,19513.432955650238,98244
1611273600,30832.5,33850.0,28800.0,33000.0,15251.549792231399,84012
1611360000,33000.1,33496.4,31350.0,32100.5,6099.113960140458,37730
1611446400,32101.1,33088.2,30950.0,32292.0,4828.268045290131,31140
1611532800,32297.8,34872.7,31908.7,32274.4,9134.64789835116,56236
1611619200,32266.9,32932.8,30816.2,32501.0,8854.205106570938,48887
1611705600,32509.2,32579.0,29255.0,30424.2,11215.32690868126,67229
1611792000,30422.6,33872.1,29900.0,33430.4,8816.487791890795,59401
1611878400,33430.5,38621.0,32000.0,34261.7,20784.442730837563,134694
1611964800,34266.3,34902.0,32865.2,34296.5,5251.375965280358,45625
1612051200,34297.4,34373.2,32200.0,33122.0,4625.29985591017,37994
1612137600,33121.8,34700.0,32325.3,33533.9,5477.65375934011,43955
1612224000,33534.1,36000.0,33462.1,35500.0,6824.954721030506,47159
1612310400,35500.0,37676.0,35394.8,37670.9,7014.219792740595,51029
1612396800,37676.0,38735.1,36202.0,36979.0,7172.513032090683,60615
1612483200,36975.8,38340.0,36582.9,38296.7,4809.542803060125,41228
1612569600,38311.7,40986.0,38221.4,39257.0,9126.767296330998,70130
1612656000,39257.0,39704.4,37410.5,38874.9,5135.540037090204,51100
1612742400,38867.1,46727.2,38075.0,46425.8,13678.903878941896,109435
1612828800,46425.7,48222.0,45050.0,46502.8,10574.217717101063,96779
1612915200,46504.5,47340.0,43734.8,44847.5,6451.5589309806865,70018
1613001600,44839.5,48703.6,44046.2,47962.8,7962.974923880818,75748
1613088000,47979.9,48925.0,46263.0,47470.4,5332.296302670527,61266
1613174400,47438.2,48224.1,46285.0,47199.9,2631.8088972899845,39366
1613260800,47199.9,49700.0,47038.7,48649.7,3553.1121378301964,50594
1613347200,48655.4,49043.3,45710.5,47937.1,5337.999242660553,61326
1613433600,47937.1,50599.9,47040.1,49218.7,6175.520692000798,63913
1613520000,49185.6,52779.6,48967.4,52130.0,7320.837030941018,67555
1613606400,52130.0,52555.1,50904.2,51600.9,4118.205614300033,45711
1613692800,51590.5,56349.9,50683.4,55926.9,8055.792485170983,75390
1613779200,55926.5,57500.0,53961.9,55938.7,5846.246812610889,68544
1613865600,55931.5,58339.0,55490.5,57478.3,3727.8357359701104,45876
1613952000,57475.9,57567.6,45002.0,54154.8,12299.535704821401,125363
1614038400,54128.0,54200.0,45000.0,48899.8,17080.212489511447,157669
1614124800,48899.6,51442.5,47015.7,49727.7,8110.232976860646,75094
1614211200,49726.1,52071.9,46702.0,47061.5,7523.627856810729,69227
1614297600,47072.1,48449.0,44120.3,46314.5,10050.938087671086,82935
1614384000,46307.2,48350.0,45022.9,46170.2,4235.548964170115,43663
1614470400,46163.9,46706.2,43020.0,45245.4,6840.392466040476,57898
1614556800,45234.7,49818.1,45046.8,49620.7,7070.92019864052,61654
1614643200,49615.3,50225.8,47050.2,48486.2,5796.819653760623,54802
1614729600,48495.9,52600.0,48160.0,50400.0,6721.592620500598,64538
1614816000,50400.0,51820.4,47500.0,48330.0,7226.225287120671,69346
1614902400,48330.0,49539.3,46312.0,48734.7,7480.677505850822,66327
1614988800,48767.4,49232.2,47111.9,48899.9,3104.7075682600444,32986
1615075200,48906.0,51470.2,48905.9,50962.3,4519.006019480169,44562
1615161600,50971.3,52432.9,49368.0,52375.0,4669.972211690223,49052
1615248000,52383.0,54929.0,51875.0,54929.0,5890.742509350582,59580
1615334400,54922.7,57378.0,53051.0,55851.0,8091.884009070496,75687
1615420800,55859.9,58150.1,54286.3,57809.9,6111.04350087057,64846
1615507200,57807.0,58069.5,55040.2,57234.0,4971.615426260535,55077
1615593600,57238.9,61724.6,56073.2,61174.9,7245.636787121217,83807
1615680000,61174.9,61639.2,59001.0,59001.1,3394.4720551102923,46298
1615766400,59001.0,60580.0,54593.8,55600.0,6721.103738020722,74412
1615852800,55627.6,56891.1,52500.0,56891.1,6381.124283610555,72113
1615939200,56891.1,58951.0,53752.0,58933.0,6509.292582730517,69497
1616025600,58940.5,60000.0,57007.0,57640.9,5831.857910940454,61374
1616112000,57640.0,59461.5,56243.1,58101.8,3859.3586564401826,46152
1616198400,58085.0,59880.0,57545.2,58091.6,3369.762507939916,44063
1616284800,58080.5,58835.6,55536.5,57378.4,3911.977346300141,46752
1616371200,57368.8,58403.2,53775.0,54095.1,6156.277732160454,63378
1616457600,54098.2,55814.9,53011.0,54351.3,5033.165327300225,53958
1616544000,54341.2,57200.0,51641.8,52293.8,7897.280012890663,76561
1616630400,52280.4,53219.9,50436.3,51314.9,6482.784930880234,68957
1616716800,51318.2,55107.0,51239.1,55062.2,4954.1211258903095,51781
1616803200,55062.1,56668.0,54000.0,55852.4,3968.9158267100765,44384
1616889600,55852.5,56550.0,54690.9,55782.0,3562.5468125500247,36043
1616976000,55782.3,58619.7,54919.0,57624.2,5884.891600220465,55034
1617062400,57627.5,59380.0,57055.0,58781.0,3941.687293890023,41966
1617148800,58781.1,59800.0,56813.8,58786.2,5451.568290860448,57840
1617235200,58780.4,59474.6,57917.1,58732.9,2449.8591347900183,37982
1617321600,58732.9,60025.0,58500.0,59020.7,4199.5072887505385,56365
1617408000,59020.7,59867.1,56955.0,57099.0,3552.8208806402417,45724
1617494400,57099.0,58495.6,56468.4,58195.0,2188.976591200044,34460
1617580800,58195.1,59278.1,56820.0,59120.0,3422.7038238902305,49003
1617667200,59120.0,59462.8,57377.1,58017.1,2656.5212746500197,41193
1617753600,58017.2,58652.1,55460.0,55928.5,5047.943509000805,66953
1617840000,55936.6,58159.1,55728.0,58036.9,2513.629468570128,36450
1617926400,58037.0,58890.4,57538.3,58110.0,3098.679646480089,36377
1618012800,58110.0,61207.0,57882.0,59775.6,5891.770009020412,67715
1618099200,59760.9,60652.6,59178.7,59956.0,2616.0461726700705,31690
1618185600,59967.9,61200.0,59420.0,59823.7,3520.971007080175,46290
1618272000,59823.7,63882.5,59781.2,63587.2,6335.663843780558,71616
1618358400,63581.0,64900.0,61315.0,62969.0,6028.099262660653,76171
1618444800,62963.0,63830.0,62050.0,63243.0,2859.759553150027,47290
1618531200,63243.1,63593.1,60100.0,61455.0,5829.197133280401,93200
1618617600,61455.1,62636.4,59702.4,60085.2,3141.817758410155,56735
1618704000,60085.2,60403.2,51017.1,56239.8,12577.430284651507,148333
1618790400,56227.5,57594.7,54228.9,55720.0,6649.986167770602,75630
1618876800,55720.0,57110.4,53388.3,56500.0,7804.231919440601,83265
1618963200,56500.0,56805.5,53600.0,53815.2,4788.01353242014,53812
1619049600,53815.3,55459.4,50500.0,51730.0,10144.204073750761,99500
1619136000,51709.3,52124.4,47549.3,51178.7,11159.243380190712,116838
1619222400,51178.6,51200.0,48746.4,50093.4,4039.4590929700776,45518
1619308800,50085.7,50580.4,47000.0,49106.5,5239.285857130403,51633
1619395200,49112.6,54419.5,48828.6,54051.9,6729.255179040304,73193
1619481600,54056.1,55500.0,53333.4,55078.7,3213.8254263699846,44890
1619568000,55077.4,56500.0,53868.4,54899.3,3685.520569200092,48106
1619654400,54886.1,55246.3,52390.2,53579.6,4529.594205470113,44102
1619740800,53579.7,57987.8,53071.6,57780.0,4816.824190720282,51587
1619827200,57780.3,58525.5,57070.0,57859.2,2688.0336476099646,40145
1619913600,57859.0,57959.5,56101.0,56618.5,2371.705180919931,33935
1620000000,56618.6,58981.4,56505.0,57193.5,3958.842916020285,54566
1620086400,57193.4,57214.4,53100.1,53239.4,6120.366753350494,74167
1620172800,53201.1,57999.8,53000.0,57497.1,5052.973118870306,64293
1620259200,57494.2,58420.2,55309.0,56421.1,3815.852906530138,53521
1620345600,56421.0,58700.0,55320.0,57383.0,4492.811387260218,63620
1620432000,57388.0,59521.4,57000.0,58953.8,4318.905298250445,54412
1620518400,58951.5,59264.0,56326.0,58293.1,4279.908544070176,53039
1620604800,58320.5,59598.8,53470.0,55888.1,6706.459283550643,77348
1620691200,55887.6,56949.9,54538.5,56747.5,3816.3438372300634,46918
1620777600,56754.7,57983.6,48605.0,49502.7,8462.398141960568,86306
1620864000,49502.7,51412.4,45000.0,49675.2,13358.3362639218,126344
1620950400,49675.2,51540.0,48886.0,49899.0,5361.72008045033,66441
1621036800,49899.0,50827.3,46600.0,46771.1,5671.809459690379,59079
1621123200,46761.0,49828.8,43824.3,46482.4,8209.374031570635,79473
1621209600,46474.7,46648.5,42111.2,43551.8,11237.715851930909,98450
1621296000,43551.9,45823.4,42297.9,42895.2,7804.855760050639,71652
1621382400,42898.4,43562.0,29800.0,36742.3,32688.27140167857,238569
1621468800,36765.2,42559.8,35000.0,40614.6,14149.303792851486,126283
1621555200,40609.6,42270.6,33533.9,37331.7,17022.802881751388,131901
1621641600,37329.1,38841.7,35250.2,37468.3,9118.923968110425,65913
1621728000,37474.8,38269.7,31078.7,34718.8,14832.738515062234,115908
1621814400,34718.8,39989.9,34420.8,38833.8,11058.707600620559,81229
1621900800,38843.0,39841.8,36500.0,38388.1,9236.125577080447,73040
1621987200,38373.3,40893.6,37828.7,39283.9,9233.56525686067,60876
1622073600,39290.0,40398.0,37230.0,38516.4,5898.006566500451,48385
1622160000,38537.1,38872.0,34719.0,35683.9,9065.663474170724,65306
1622246400,35683.8,37300.0,33652.8,34616.6,5845.408309710387,49935
1622332800,34631.9,36491.0,33423.2,35673.8,4455.063044710053,35031
1622419200,35667.9,37512.8,34200.0,37303.8,6224.605941860262,42725
1622505600,37273.1,37934.3,35748.0,36676.3,5703.032935350381,42891
1622592000,36676.4,38209.2,35929.2,37565.3,6307.979379770184,43478
1622678400,37565.3,39471.0,37159.1,39196.6,5230.076286580142,36795
1622764800,39212.3,39249.8,35576.7,36847.7,4991.517442800333,46978
1622851200,36857.6,37935.8,34825.9,35534.6,5532.753259860221,39833
1622937600,35532.2,36479.5,35251.1,35789.0,3187.546401210051,23692
1623024000,35783.2,36796.3,33334.3,33587.6,6165.920454860307,42615
1623110400,33578.6,34059.4,31017.4,33420.0,10548.326943201155,72896
1623196800,33409.7,37500.0,32420.4,37396.4,9357.472109200648,65863
1623283200,37398.9,38399.0,35803.7,36678.4,7733.100593000316,56255
1623369600,36684.5,37654.3,35952.7,37322.2,5218.296832390098,37956
1623456000,37322.2,37449.5,34680.0,35544.9,5765.374168750077,41827
1623542400,35544.9,39409.4,34801.0,39034.6,6771.2279045502055,48643
1623628800,39035.7,41068.9,38734.1,40530.8,9383.689293100739,66190
1623715200,40529.1,41341.8,39461.1,40166.6,6924.353528760278,53714
1623801600,40167.3,40493.0,38120.0,38337.1,6487.206888450352,49793
1623888000,38337.1,39561.4,37405.0,38078.2,6003.220618270364,47838
1623974400,38078.2,38193.1,35126.0,35824.0,6558.468890400424,48363
1624060800,35824.0,36450.0,34901.0,35490.5,4485.0766557100915,39726
1624147200,35484.2,36112.2,33370.0,35595.0,6286.306438300511,46003
1624233600,35595.7,35750.8,31260.0,31655.2,11395.959899031217,81658
1624320000,31620.6,33290.0,28816.6,32516.2,16188.9310221116,92292
1624406400,32516.5,34879.4,32402.3,33683.3,6290.894568430267,44943
1624492800,33685.8,35311.2,32333.0,34666.6,4823.611240700157,34441
1624579200,34669.6,35509.1,31278.3,31583.7,6444.51119144057,47454
1624665600,31577.3,32691.1,30179.0,32277.0,5160.372653990228,37577
1624752000,32275.9,34700.0,32025.0,34675.3,4214.108061480086,31154
1624838400,34700.0,35288.1,33872.6,34472.0,3680.1073948299627,30302
1624924800,34475.9,36643.2,34268.0,35903.3,4467.515322350094,33591
1625011200,35876.6,36090.7,34066.0,35046.2,5223.901025910024,36260
1625097600,35070.4,35070.4,32717.2,33532.4,4023.926140270011,29165
1625184000,33513.6,34000.0,32721.4,33802.9,2762.795169809962,25534
1625270400,33802.8,34930.0,33348.9,34685.4,2772.0569917299795,19655
1625356800,34685.3,35948.9,34381.1,35305.0,1575.8574784800005,15687
1625443200,35305.1,35305.1,33080.3,33697.6,3947.927369850033,29133
1625529600,33700.1,35113.4,33555.0,34235.0,2949.382162500003,28495
1625616000,34215.4,35065.4,33825.5,33885.1,3122.5427533499906,21952
1625702400,33885.1,33946.8,32112.6,32882.2,5379.876582150304,32490
1625788800,32878.4,34088.0,32273.3,33791.0,2699.30888778999,22056
1625875200,33820.7,34252.8,32968.2,33522.2,2916.159998299961,18274
1625961600,33516.5,34612.1,33335.1,34246.9,1476.8231433300039,13067
1626048000,34246.9,34665.7,32678.0,33107.3,2411.8195180100183,21343
1626134400,33101.8,33340.7,32204.0,32722.9,2831.0784383799987,21246
1626220800,32722.9,33114.5,31555.6,32815.2,3406.336799210018,24262
1626307200,32815.2,33188.3,31150.1,31832.6,3350.038096980002,26113
1626393600,31868.5,32250.0,31050.0,31405.9,3545.770021850042,23225
1626480000,31405.9,31934.4,31175.2,31510.0,2493.5771653400107,21328
1626566400,31503.3,32440.4,31133.4,31780.1,1750.6380553099912,14270
1626652800,31783.9,31894.6,30415.1,30820.5,3015.0158935199943,20775
1626739200,30827.2,31065.9,29288.6,29788.1,4981.124779710119,28976
1626825600,29788.1,32844.4,29505.0,32125.0,5662.44830623022,34703
1626912000,32125.0,32607.9,31722.4,32283.3,2665.926973889997,17133
1626998400,32283.3,33639.0,32015.1,33639.0,2340.2537068900024,17680
1627084800,33639.0,34525.9,33431.8,34284.6,1796.6004337093766,32986
1627171200,34281.7,35436.0,33869.9,35413.6,2190.2910558399562,22915
1627257600,35421.2,40533.0,35254.9,37274.9,10290.157110380307,72341
1627344000,37270.3,39524.3,36406.8,39506.2,5033.90785498027,40715
1627430400,39475.1,40919.1,38805.0,40011.0,7225.184528120754,46271
1627516800,40025.4,40625.0,39267.2,40000.0,3197.1003947100426,24636
1627603200,40000.0,42306.8,38345.1,42229.6,5116.81915079018,36514
1627689600,42234.9,42400.0,41060.9,41488.5,2953.69498725998,24281
1627776000,41500.2,42598.7,39413.5,39889.1,3446.980609830166,28295
1627862400,39889.9,40440.8,38700.0,39152.3,3504.7083607600202,26213
1627948800,39152.4,39791.1,37655.0,38163.0,2952.9687194399858,26951
1628035200,38163.0,39950.0,37527.9,39749.0,3280.0962176699804,25886
1628121600,39749.0,41403.5,37355.0,40886.4,4722.985961310136,38580
1628208000,40886.5,43401.9,39900.0,42823.9,5187.407733360225,39610
1628294400,42861.7,44721.8,42495.0,44610.7,4617.870516330123,39045
1628380800,44612.1,45348.0,43320.0,43845.6,3667.2859293400365,33681
1628467200,43845.6,46484.1,42827.7,46307.1,5654.101581530151,44759
1628553600,46300.8,46688.0,44666.0,45595.1,3102.043539689958,32531
1628640000,45606.9,46736.4,45373.5,45571.7,3504.532810299996,31536
1628726400,45570.0,46195.4,43800.1,44401.1,3570.4262403200305,30756
1628812800,44401.1,47898.5,44251.2,47823.3,3816.1493521600455,29844
1628899200,47823.2,48164.0,46042.5,47115.2,2970.1991420800255,27027
1628985600,47111.8,47385.0,45550.0,47019.3,2101.3590956599733,23278
1629072000,47023.7,48072.6,45697.4,45926.3,2739.390572179991,29307
1629158400,45926.2,47172.3,44401.2,44672.2,3292.6423671600946,32535
1629244800,44672.3,46000.0,44250.0,44714.7,3213.17945183003,31687
1629331200,44720.2,47062.2,44000.0,46765.3,2627.8533089000325,28679
1629417600,46770.8,49400.0,46662.9,49345.4,3541.23372143008,32615
1629504000,49345.5,49790.0,48267.6,48865.4,2697.475039940024,33801
1629590400,48865.3,49532.3,48058.1,49293.6,1740.1840263199645,17750
1629676800,49293.4,50500.0,49060.0,49517.3,3119.2610291100227,28756
1629763200,49517.2,49867.0,47601.1,47725.4,3149.292942490094,31049
1629849600,47715.1,49245.0,47146.3,48991.3,2613.923335680014,28518
1629936000,48991.4,49350.0,46284.8,46848.9,3194.8608756400217,31578
1630022400,46846.7,49174.9,46386.4,49074.9,2672.647739840012,26962
1630108800,49074.9,49314.0,48393.9,48895.7,1300.7184062599847,14354
1630195200,48895.7,49653.9,47800.0,48787.7,2232.524407559982,19805
1630281600,48787.7,48900.0,46861.6,46985.7,2528.077983919977,25281
1630368000,46987.1,48248.0,46715.0,47140.0,2213.7508191499846,25765
1630454400,47140.0,49137.3,46550.0,48872.2,2575.0818201099887,27098
1630540800,48872.1,50372.9,48622.0,49290.3,3436.664516170051,29051
1630627200,49290.2,51009.7,48356.0,50018.6,3628.824273309954,32971
1630713600,50022.9,50559.5,49363.6,49956.1,1604.318733639986,18255
1630800000,49956.1,51890.9,49512.4,51767.9,1807.7270341099872,20108
1630886400,51768.0,52800.0,51025.5,52688.3,2979.3853814500053,24452
1630972800,52688.2,52900.0,42000.0,46882.1,8797.553372770828,80423
1631059200,46889.5,47362.4,44444.0,46073.4,3486.8708239100733,33739
1631145600,46064.3,47399.0,45498.7,46389.6,2328.766792619965,27076
1631232000,46389.7,47035.8,44135.2,44842.2,3303.072970390016,30895
1631318400,44842.2,45992.4,44741.0,45137.4,1239.9733763299737,15443
1631404800,45148.8,46487.9,44770.0,46061.3,1202.0666616299843,16876
1631491200,46061.3,46879.0,43374.9,44965.8,3673.519049190066,35698
1631577600,44965.8,47260.0,44700.0,47145.9,2114.1326701099565,24017
1631664000,47110.5,48481.0,46744.0,48152.3,2160.397812679959,23027
1631750400,48152.3,48485.8,47030.1,47786.9,2372.973200979975,22748
1631836800,47786.9,48185.9,46745.7,47269.7,2007.8357187599825,20582
1631923200,47269.7,48800.0,47077.9,48309.9,1277.0837919599705,15306
1632009600,48306.9,48379.1,46851.2,47237.8,1219.5105021499653,14770
1632096000,47247.3,47307.7,42510.0,42992.9,5755.786473130205,44520
1632182400,42992.9,43624.7,39579.0,40710.6,7261.15160457022,52940
1632268800,40710.5,44024.2,40600.0,43562.8,3503.5378042799794,31271
1632355200,43563.3,45000.0,43111.6,44889.8,4176.711541330032,28456
1632441600,44888.9,45153.0,40750.0,42833.2,4412.377823140003,39431
1632528000,42831.7,43021.7,41705.1,42710.1,1058.5718358599836,15077
1632614400,42710.1,43930.4,40802.7,43204.6,2250.7632374499826,24215
1632700800,43175.2,44333.0,42120.7,42176.3,1977.8996415899103,21018
1632787200,42176.3,42750.0,40875.6,41038.4,2231.7125720599934,20996
1632873600,41016.0,42579.9,40772.2,41524.8,1708.2588589999302,20501
1632960000,41523.9,44100.0,41423.7,43798.7,3053.646290710125,37817
1633046400,43798.7,48475.0,43300.3,48163.7,6512.540485950468,39544
1633132800,48168.8,48349.2,47487.1,47662.0,1621.176493469964,17654
1633219200,47657.3,49257.9,47131.1,48230.2,1653.1375011299674,18982
1633305600,48228.6,49500.0,46895.8,49243.3,2828.9287497000287,27884
1633392000,49239.2,51888.0,49084.3,51487.0,4047.3145890401047,33590
1633478400,51492.9,55770.0,50366.4,55350.2,7380.23354660055,51966
1633564800,55350.2,55352.2,53399.8,53817.3,3123.8602239700745,30878
1633651200,53817.4,56114.1,53685.0,53960.5,2630.7722918301088,29411
1633737600,53960.9,55515.1,53700.0,54960.2,1238.788542049976,19258
1633824000,54967.4,56500.0,54118.6,54677.5,2295.1081814300087,25688
1633910400,54678.9,57837.7,54450.2,57499.5,2787.096129040075,31938
1633996800,57482.8,57673.8,54019.2,56010.1,3699.836733030083,36112
1634083200,55991.9,57777.0,54271.2,57381.2,3018.7359198500385,33350
1634169600,57381.2,58580.4,56825.0,57377.6,2594.2236056400006,28621
1634256000,57357.1,62887.5,56888.5,61656.2,5171.657687200353,53746
1634342400,61669.8,62400.0,60162.0,60873.4,1963.7280644599946,24961
1634428800,60868.5,61674.3,58900.2,61526.5,2142.2644397399604,28374
1634515200,61526.1,62672.6,59900.0,62037.7,3406.1905642201073,35225
1634601600,62009.6,64448.0,61320.0,64284.9,3564.492066670126,38201
1634688000,64291.6,66982.2,63546.2,66035.8,3553.4015067401606,40625
1634774400,66035.7,66637.8,54100.0,62198.0,6504.961148370495,57632
1634860800,62197.4,63757.9,60034.2,60687.5,2972.780040940021,33597
1634947200,60687.5,61713.9,59610.4,61296.9,1276.377092529992,20111
1635033600,61297.6,61450.0,59523.0,60882.5,1443.1900131699642,21012
1635120000,60865.1,63700.0,60674.0,63081.8,2256.8361593399677,27612
1635206400,63081.7,63288.0,59824.2,60310.2,2575.377644739991,30166
1635292800,60325.1,61477.1,58140.6,58500.1,3960.979111280258,43598
1635379200,58500.1,62490.0,57948.0,60613.5,4521.777793990147,46305
1635465600,60604.5,62950.0,60223.5,62246.5,2728.85257089001,31273
1635552000,62246.4,62359.2,60741.1,61866.3,1202.8070185399704,22239
1635638400,61879.2,62422.8,60051.0,61380.1,1518.030391439959,26396
1635724800,61380.1,62500.0,59449.1,60954.5,2653.291454779962,31588
1635811200,60954.5,64327.0,60665.9,63279.7,2748.172393219999,37462
1635897600,63279.8,63550.4,60810.3,62942.9,2575.6775307699827,31653
1635984000,62938.0,63115.0,60644.2,61449.0,1875.7627946100097,26603
1636070400,61448.9,62631.9,60804.4,61006.2,1431.4306677399843,23089
1636156800,61007.4,61602.1,60129.8,61536.3,1337.9849842399922,20253
1636243200,61535.4,63317.8,61388.0,63317.8,1554.0019688800035,23475
1636329600,63319.6,67777.7,63319.6,67559.8,3863.095840210163,46043
1636416000,67550.8,68495.0,66316.0,66950.0,3128.9722182800087,36642
1636502400,66950.1,68991.0,62700.1,64969.0,6353.720597070561,61082
1636588800,64969.0,65611.8,64108.2,64825.4,1606.7917784199253,24439
1636675200,64825.1,65483.2,62300.5,64153.0,3153.295395720174,35616
1636761600,64151.3,64982.5,63415.0,64393.1,1391.4744202699815,18319
1636848000,64394.5,65495.0,63636.0,65495.0,1479.8727289199887,20821
1636934400,65495.0,66349.6,63423.1,63615.8,2184.3939180199827,30333
1637020800,63615.8,63615.8,58630.0,60137.2,5540.52398412044,58354
1637107200,60137.2,60847.0,58400.0,60367.8,3122.3347099800753,32352
1637193600,60368.6,60964.4,56526.2,56921.7,4581.794589660222,48290
1637280000,56910.8,58384.5,55674.0,58099.6,2241.9192853099858,33346
1637366400,58107.2,59879.0,57435.2,59744.2,1745.5213465799757,23413
1637452800,59744.2,60050.0,58532.8,58646.2,1374.0843075199718,21166
1637539200,58660.3,59411.8,55633.6,56295.5,3918.6575036401628,38762
1637625600,56290.2,57850.0,55362.7,57571.4,3805.1937175401117,35787
1637712000,57574.0,57738.9,55909.0,57203.3,2504.6245236600384,31075
1637798400,57170.4,59400.0,57053.0,58932.6,2779.6893139101194,30817
1637884800,58955.3,59193.8,53571.0,53789.0,6087.348254080265,54924
1637971200,53776.5,55314.1,53658.6,54784.9,2957.2345886502603,25472
1638057600,54757.5,57485.7,53300.0,57300.0,2157.9423934999327,29933
1638144000,57300.0,58890.0,56755.1,57830.2,2979.13113578003,38569
1638230400,57830.2,59230.0,55932.6,56980.7,3880.882298940255,46528
1638316800,57007.4,59090.7,56520.0,57237.9,4211.555033090054,41458
1638403200,57237.2,57410.2,55848.2,56526.4,3226.8348339101335,33357
1638489600,56528.2,57688.9,51752.6,53678.6,4366.2650863802955,42103
1638576000,53675.0,53893.4,40150.1,49255.1,8936.375665250995,93273
1638662400,49245.0,49750.0,47832.2,49443.3,3742.5107091401146,35056
1638748800,49444.0,50957.6,47210.0,50564.3,4070.3929239900644,39613
1638835200,50544.8,51955.0,50100.0,50650.1,2712.749884140015,32481
1638921600,50650.1,51202.5,48579.3,50515.1,2997.496478820133,27149
1639008000,50525.1,50819.5,47298.4,47581.6,2691.4998108000555,30424
1639094400,47576.4,50114.2,46888.8,47218.3,3323.5417558001336,34264
1639180800,47173.9,49500.0,46800.0,49367.2,2068.416771389933,23586
1639267200,49406.0,50788.4,48697.8,50113.2,2022.363982049974,22650
1639353600,50098.8,50219.8,45759.0,46732.2,4915.423072750169,41085
1639440000,46732.2,48690.0,46313.7,48399.2,3830.8240635500683,35772
1639526400,48399.2,49512.5,46632.0,48881.3,4250.481707629992,34511
1639612800,48881.8,49465.6,47560.0,47631.0,3345.2738369700883,31997
1639699200,47639.9,48001.9,45500.0,46168.3,3794.8757959501563,38927
1639785600,46166.6,47333.6,45520.2,46864.3,1868.9874995499458,24363
1639872000,46858.0,48289.0,46484.8,46688.4,2067.3197412199575,22744
1639958400,46687.8,47549.8,45600.0,46898.1,2989.017287470078,30600
1640044800,46907.3,49321.1,46676.5,48925.9,3879.222731940048,29852
1640131200,48925.9,49599.8,48491.0,48624.9,2036.642175299967,24570
1640217600,48624.9,51391.2,48042.3,50818.8,3079.3394800200417,32242
1640304000,50818.8,51844.4,50456.0,50834.3,2363.1105986599887,28783
1640390400,50834.2,51154.2,50209.2,50436.0,1222.7959697099825,15356
1640476800,50436.1,51242.0,49427.9,50797.3,1079.3040407899855,15511
1640563200,50797.4,52111.0,50480.2,50687.4,1629.3753229899912,21968
1640649600,50687.5,50693.5,47305.5,47548.1,3521.5091963001273,35217
1640736000,47549.8,48123.7,46120.0,46473.2,2346.5654002000315,26014
1640822400,46464.5,47907.4,45930.1,47143.8,1928.6841223699673,22090
1640908800,47143.8,48591.6,45530.3,46150.0,3113.017716510059,28633
1640995200,46150.0,47922.6,46150.0,47738.3,2133.6870709799728,19093
1641081600,47736.5,47950.4,46700.0,47304.6,1343.7592623599874,19384
1641168000,47301.2,47567.2,45707.9,46452.6,2133.1417792600223,23931
1641254400,46452.5,47500.0,45548.7,45858.5,2219.8902573499618,22817
1641340800,45858.5,47066.5,42505.0,43410.0,4070.4828775900737,36190
1641427200,43432.5,43748.0,42424.0,43124.4,4794.70132537019,39424
1641513600,43124.5,43134.9,40666.0,41523.6,5771.292308560244,37588
1641600000,41523.7,42302.4,40555.0,41693.2,2564.7368539699874,24823
1641686400,41693.2,42786.7,41249.7,41862.9,2006.6145801899563,16220
1641772800,41867.1,42239.6,39659.9,41855.3,4131.282281970169,29925
1641859200,41855.2,43127.5,41315.5,42728.8,3316.8490607500285,27218
1641945600,42728.8,44348.5,42480.0,43927.8,2847.971732420036,25374
1642032000,43927.8,44420.1,42352.0,42550.0,2960.067418480007,25407
1642118400,42550.0,43473.1,41800.0,43090.0,2711.96112072,24161
1642204800,43090.0,43791.6,42600.0,43111.5,975.551818469985,17155
1642291200,43111.5,43463.8,42614.9,43114.5,1264.0099281699934,15131
1642377600,43114.5,43200.6,41579.2,42248.1,1677.4201727199784,18590
1642464000,42248.0,42667.0,41288.0,42383.0,1863.1982201899457,19172
1642550400,42371.3,42577.8,41159.0,41686.2,1920.188363419943,21971
1642636800,41686.2,43497.4,40577.1,40686.9,3095.7688646800293,27631
1642723200,40686.9,41115.7,35409.7,36468.4,8876.998311040841,59629
1642809600,36446.2,36814.5,34007.7,35067.6,5382.9173299100885,44525
1642896000,35070.8,36500.0,34613.3,36277.5,2385.5639926399717,22291
1642982400,36270.1,37500.0,32940.1,36699.5,7639.655096520212,48013
1643068800,36699.5,37552.8,35685.3,36987.8,3186.9635719700364,26079
1643155200,36994.6,38899.9,36251.2,36827.6,5526.196940830238,39968
1643241600,36827.7,37242.5,35548.5,37200.5,4276.480173880066,29424
1643328000,37168.0,37999.9,36172.3,37737.9,2662.8069912800293,24788
1643414400,37735.7,38719.5,37275.7,38164.9,1737.6516438299834,20283
1643500800,38188.3,38358.0,37389.0,37930.1,1037.6313669899812,14478
1643587200,37914.0,38786.0,36667.5,38512.1,2521.028292050001,23645
1643673600,38512.0,39290.0,38050.0,38719.9,3336.0134691300564,27161
1643760000,38721.4,38878.8,36600.0,36903.3,2725.7971287100236,24591
1643846400,36921.5,37389.0,36269.8,37324.4,1721.5352641199547,20871
1643932800,37324.3,41774.0,37073.9,41585.5,4269.986275910045,33485
1644019200,41597.2,41926.4,40883.7,41419.0,2211.156883609957,24916
1644105600,41419.0,42694.5,41141.9,42419.5,1818.0718080599595,22192
1644192000,42426.1,44528.6,41697.4,43867.2,4604.681839670266,39555
1644278400,43873.1,45500.0,42709.6,44079.1,3432.4497498800342,35663
1644364800,44083.1,44831.0,43187.2,44420.0,3210.429399609973,27148
1644451200,44420.1,45900.0,43228.0,43537.5,5478.57084550015,39399
1644537600,43537.5,43944.9,42000.0,42400.2,3361.3901286200535,32725
1644624000,42400.1,43038.2,41760.6,42241.0,1939.699548079982,22706
1644710400,42241.1,42768.5,41893.1,42062.6,1124.7174037199868,17169
1644796800,42062.5,42852.0,41573.1,42563.5,1918.2671361699743,23017
1644883200,42563.4,44770.8,42469.6,44563.1,2190.919914580009,24372
1644969600,44563.1,44580.2,43236.5,43873.1,1752.9064302499696,21680
1645056000,43873.0,44179.4,40100.0,40543.9,3689.5140296300965,32123
1645142400,40547.4,40957.3,39455.6,40007.4,2828.692939010038,27450
1645228800,40007.4,40450.0,39669.9,40095.8,882.82915066998,16379
1645315200,40094.3,40135.1,38000.0,38400.0,2787.872931860136,25930
1645401600,38400.1,39490.9,36782.6,37019.2,4647.632258610269,39840
1645488000,37024.2,38418.6,36366.0,38256.3,3384.2140744400526,28852
1645574400,38256.3,39250.0,37086.6,37250.1,3233.9728646600797,27032
1645660800,37250.1,39739.9,34333.2,38340.8,10301.126826370533,63703
1645747200,38343.6,39700.0,38032.3,39233.5,3274.942432750018,29255
1645833600,39233.5,40277.9,38601.4,39120.2,2105.171693959962,21106
1645920000,39120.2,39888.0,37029.8,37709.1,3515.9674831200405,31694
1646006400,37709.2,44194.2,37447.6,43194.7,7314.113457050373,50910
1646092800,43188.4,44955.9,42841.4,44427.9,7671.697494020729,68738
1646179200,44428.0,45349.0,43357.1,43922.5,5010.485685080332,39885
1646265600,43922.2,44085.4,41822.8,42465.0,4384.60664480008,37406
1646352000,42465.0,42499.9,38586.3,39137.5,7393.530067240446,49983
1646438400,39137.4,39624.6,38618.6,39396.4,1543.2244945799637,20171
1646524800,39396.3,39678.9,38114.2,38416.3,2535.064977790056,24668
1646611200,38420.4,39545.0,37159.4,38024.0,4162.006349990323,37775
1646697600,38009.8,39373.0,37888.0,38752.6,3726.951707280192,36365
1646784000,38752.6,42590.6,38682.0,41965.3,5254.012640920515,48398
1646870400,41959.0,42041.8,38576.0,39435.8,4643.712433320234,40582
1646956800,39435.8,40222.4,38251.5,38732.1,3504.67790685014,29060
1647043200,38727.7,39499.8,38699.0,38785.0,1553.2709363399752,15144
1647129600,38785.0,39300.0,37593.9,37788.4,2300.0526545199964,16962
1647216000,37783.7,39899.8,37584.5,39689.2,3450.8307961800933,25682
1647302400,39689.2,39900.0,38170.0,39325.4,2579.946413660021,22118
1647388800,39321.7,41706.8,38807.5,41124.0,6599.081487660284,52075
1647475200,41129.9,41469.1,40549.1,40945.6,2322.33915065002,26099
1647561600,40941.1,42368.6,40179.1,41775.1,2583.791043830048,30434
1647648000,41778.7,42379.6,41537.5,42218.0,1298.2072620399636,16785
1647734400,42218.0,42308.2,40945.0,41289.0,1967.291092069973,22542
1647820800,41286.1,41572.4,40510.1,41014.3,1953.950486619935,22519
1647907200,41014.3,43402.6,40916.3,42377.8,3336.945130360051,32677
1647993600,42377.7,43010.6,41811.1,42910.3,2207.8718472600094,29946
1648080000,42910.2,44246.9,42637.4,43989.0,2598.2240323200067,25170
1648166400,43989.0,45105.0,43604.8,44315.5,3654.1448557899957,52270
1648252800,44315.5,44800.0,44135.1,44548.0,1165.036718149994,26378
1648339200,44547.2,46976.1,44439.4,46855.2,1895.8517477699666,21268
1648425600,46855.3,48200.0,46683.5,47137.9,3417.221623739902,59916
1648512000,47138.3,48123.0,46912.5,47440.2,1877.2049735199635,27843
1648598400,47440.3,47707.9,46570.6,47059.3,1737.3177567099606,25601
1648684800,47079.2,47598.0,45250.0,45524.3,2320.0523442700087,30068
1648771200,45523.5,46710.9,44257.6,46312.0,4181.29834325023,36546
1648857600,46312.0,47200.0,45666.1,45828.6,1420.1895202999565,22824
1648944000,45828.6,47444.9,45566.0,46423.4,1245.9799773899636,20620
1649030400,46424.2,46888.0,45153.0,46617.1,1910.9745970799427,23949
1649116800,46617.1,47188.4,45377.0,45479.2,1882.880250509963,22655
1649203200,45498.3,45534.3,43123.7,43179.4,4589.106986720204,36043
1649289600,43179.5,43920.8,42750.0,43469.8,1565.176012559965,22151
1649376000,43469.8,43968.7,42126.0,42282.6,2238.74341634996,26125
1649462400,42282.6,42805.1,42111.0,42764.0,621.7460818599934,13343
1649548800,42781.7,43416.4,41805.4,42160.0,1121.2709514499863,15302
1649635200,42164.9,42411.0,39240.0,39534.6,3303.899090800037,31753
1649721600,39530.5,40683.4,39269.4,40078.7,2170.327376479982,24269
1649808000,40078.7,41548.4,39598.0,41150.0,2414.2705770099838,24018
1649894400,41150.0,41480.0,39600.0,39954.9,1895.2635668799753,20685
1649980800,39953.7,40890.3,39800.0,40569.9,1177.1718095599924,16024
1650067200,40570.0,40708.8,40011.9,40381.0,589.4638172399881,12703
1650153600,40381.1,40652.8,39556.0,39681.2,982.0093666499633,15246
1650240000,39680.5,41067.3,38570.0,40811.3,2626.8389567900344,27165
1650326400,40811.3,41825.8,40600.0,41506.2,1433.4812698699589,20860
1650412800,41506.2,42235.7,40900.8,41369.9,1847.4789533399553,24598
1650499200,41370.0,42950.0,39800.6,40484.1,3322.748187360254,32797
1650585600,40479.1,40791.3,39139.0,39715.9,2214.6723966900036,27687
1650672000,39713.5,39958.4,39310.0,39435.6,813.9600202899331,16509
1650758400,39439.3,39911.0,39015.8,39467.9,1138.5912437499726,14218
1650844800,39456.7,40614.5,38200.5,40438.5,4131.195980910247,32601
1650931200,40438.4,40776.9,37672.0,38121.7,4450.894659270187,34470
1651017600,38121.7,39446.8,37909.4,39249.9,3384.9542689801197,25789
1651104000,39249.9,40349.8,38884.4,39752.8,3135.477773940043,27554
1651190400,39749.8,39920.7,38131.8,38599.5,2451.1697900000336,26059
1651276800,38597.5,38777.4,37608.7,37660.8,1090.273095909992,18103
1651363200,37660.7,38660.0,37399.4,38474.1,1633.983186269955,21895
1651449600,38470.8,39169.4,38011.0,38499.9,2642.207878370089,25583
1651536000,38499.9,38645.1,37507.9,37727.9,1875.0360192199519,20456
1651622400,37727.9,40029.8,37674.8,39682.8,3072.747197910091,28648
1651708800,39677.6,39832.0,35407.0,36542.6,5103.896563740253,38621
1651795200,36540.4,36647.0,35280.0,36017.4,2897.562795810167,29119
1651881600,36017.4,36105.9,34755.0,35463.0,1293.3104419899373,21149
1651968000,35463.1,35495.0,33700.0,34024.2,3717.2510510101038,29643
1652054400,34028.3,34214.1,30050.0,30075.5,11297.513591290557,59841
1652140800,30052.6,32648.6,29755.0,30999.9,10419.541358110528,59593
1652227200,30999.9,32132.0,27700.0,28994.1,14865.746009750546,78783
1652313600,28998.2,30075.9,25332.8,28943.4,12160.552418020587,73670
1652400000,28943.5,30966.0,28684.5,29222.6,4289.721656840081,36428
1652486400,29232.8,30264.0,28600.5,30048.2,2749.7830431200805,30315
1652572800,30051.7,31390.0,29452.6,31296.9,1579.871722319934,24094
1652659200,31294.5,31294.5,29060.0,29826.1,3703.1745049999954,28913
1652745600,29826.1,30742.0,29403.0,30408.3,2810.860740490002,23704
1652832000,30408.4,30653.1,28589.1,28664.3,4177.515331450049,26075
1652918400,28657.6,30503.7,28649.2,30280.7,3722.853346920045,25266
1653004800,30283.7,30721.2,28700.1,29167.5,3717.55661319005,24027
1653091200,29161.6,29606.3,28927.3,29403.5,1030.0602492799926,13342
1653177600,29394.4,30500.0,29225.7,30268.0,1862.4921243899703,15723
1653264000,30264.4,30630.7,28829.5,29070.0,3028.9278114200106,22623
1653350400,29070.0,29819.7,28635.3,29631.8,2806.1719955100116,18978
1653436800,29628.0,30188.9,29309.0,29520.3,2831.26904556,19081
1653523200,29519.4,29854.0,27505.0,29186.9,4963.148285850093,29306
1653609600,29165.9,29386.5,28250.0,28580.0,4411.454766340123,29965
1653696000,28580.0,29229.0,28500.1,29020.0,1175.2428499699972,15126
1653782400,29020.1,29555.0,28820.0,29450.4,1292.416506339993,15261
1653868800,29450.5,32186.4,29281.8,31711.7,5654.097224830159,31318
1653955200,31710.4,32400.0,31183.7,31780.9,3470.7707686503604,30831
1654041600,31781.0,31929.0,29328.6,29790.0,5171.217780740083,31383
1654128000,29790.0,31449.2,29572.8,30427.0,2470.2290227200174,19405
1654214400,30431.3,30658.9,29255.0,29676.4,2472.7054200000075,18044
1654300800,29676.4,29954.5,29450.1,29850.0,783.3443371399868,10432
1654387200,29850.8,30162.4,29514.0,29907.6,963.5611398499807,11190
1654473600,29907.6,31725.6,29881.9,31356.3,3447.462926160069,21505
1654560000,31353.1,31550.0,29200.2,31098.6,5748.61028228032,32372
1654646400,31097.2,31296.5,29848.0,30190.8,2829.6275060800513,22758
1654732800,30190.8,30666.0,29892.2,30075.3,1940.034411229969,17641
1654819200,30085.3,30327.6,28845.2,29054.9,4353.227309750114,24491
1654905600,29056.2,29411.7,28095.9,28380.2,2317.6780855601337,22690
1654992000,28395.9,28500.8,26506.5,26569.6,3666.6466450301095,26457
1655078400,26542.2,26853.2,21930.4,22460.1,17333.48812068995,85068
1655164800,22460.0,23309.0,20824.0,22111.0,10473.220688890367,59767
1655251200,22115.0,22773.3,20089.0,22559.6,14784.405606589838,67896
1655337600,22557.0,22950.0,20200.0,20366.3,7892.290963040121,39183
1655424000,20366.3,21327.2,20231.3,20432.9,6404.169867310361,32072
1655510400,20440.3,20740.1,17600.0,18950.0,13006.203310510327,63068
1655596800,18950.0,20799.9,17911.0,20555.5,9585.688356630291,45499
1655683200,20550.1,21038.3,19625.0,20550.0,7167.610275600382,37760
1655769600,20551.2,21698.9,20323.6,20701.9,5232.173565450213,33111
1655856000,20704.1,20860.1,19750.0,19951.3,6091.946677360399,33996
1655942400,19951.3,21200.0,19880.4,21086.7,3813.6377584701095,26182
1656028800,21090.8,21534.5,20731.1,21210.7,4922.540539200166,29149
1656115200,21221.6,21589.0,20888.8,21474.5,1835.570691019946,18990
1656201600,21476.8,21867.0,20957.0,21023.3,1913.190977099956,20649
1656288000,21023.4,21528.7,20505.5,20716.3,3973.836376930064,22966
1656374400,20716.3,21188.5,20165.3,20251.6,3250.533589140041,23648
1656460800,20252.5,20397.0,19828.7,20086.2,4367.319083090189,26340
1656547200,20094.0,20139.8,18617.5,19949.9,5391.527463560302,32136
1656633600,19949.8,20878.3,18950.0,19245.3,5953.60277338036,32011
1656720000,19250.8,19430.4,18969.6,19226.9,1293.3892275099602,15723
1656806400,19226.9,19684.3,18738.6,19293.5,2226.8854816399835,17685
1656892800,19292.8,20325.0,19033.6,20207.5,3479.3765741201505,20579
1656979200,20210.8,20732.1,19300.0,20169.1,5161.935956170312,30157
1657065600,20169.0,20583.0,19750.1,20542.7,3213.697155760107,23087
1657152000,20541.0,21826.0,20236.5,21615.4,5510.5500715802345,30463
1657238400,21617.6,22498.0,21183.9,21582.6,5110.193422530202,32125
1657324800,21580.9,21955.0,21316.7,21579.1,1661.8346637999684,18159
1657411200,21581.7,21590.6,20620.3,20830.3,2744.5881533300994,24332
1657497600,20830.3,20847.4,19870.5,19947.0,3526.0524679402088,26945
1657584000,19943.3,20036.3,19214.1,19307.9,3986.2965604001065,25331
1657670400,19305.8,20332.3,18900.0,20233.6,5490.050186660172,32967
1657756800,20222.3,20894.5,19609.4,20573.7,4241.84682873015,23916
1657843200,20575.3,21178.0,20375.3,20825.3,3351.2855126501004,22188
1657929600,20824.8,21566.4,20480.0,21204.4,3420.7153938400725,22970
1658016000,21190.3,21664.7,20748.7,20793.2,2454.932880140008,18979
1658102400,20790.9,22766.2,20769.3,22450.1,7082.114410580314,39128
1658188800,22450.0,23782.9,21600.0,23411.0,8067.088227550502,40882
1658275200,23411.0,24264.6,22905.6,23242.4,6719.959133820354,34973
1658361600,23220.8,23428.8,22351.1,23155.6,4327.843963290172,25329
1658448000,23152.3,23744.0,22517.3,22688.0,3900.45154335007,23867
1658534400,22688.0,22998.5,21950.3,22461.8,2664.780286360035,22319
1658620800,22461.5,23000.0,22264.6,22584.2,2839.8227671002555,20178
1658707200,22586.1,22660.9,21252.5,21299.7,3793.7256092003868,29697
1658793600,21299.7,21325.0,20696.0,21264.4,4305.949129670403,29697
1658880000,21264.4,23100.0,21048.1,22964.3,5695.473146410294,36501
1658966400,22965.3,24198.8,22487.9,23858.7,6008.68844077047,36544
1659052800,23850.3,24499.3,23442.9,23776.3,4585.140578300323,33105
1659139200,23784.6,24699.8,23525.6,23642.9,3210.366465630202,25308
1659225600,23646.5,24175.0,23251.2,23321.0,2350.995452089987,21577
1659312000,23321.1,23524.8,22866.4,23275.0,3185.6515143300603,21989
1659398400,23275.0,23469.1,22649.1,22994.0,3520.587303670064,22708
1659484800,22994.0,23650.0,22700.0,22827.9,4135.729189210052,22487
1659571200,22827.7,23225.0,22400.0,22622.5,3217.8522016299958,21488
1659657600,22621.6,23477.7,22592.5,23325.7,5273.300110290154,23393
1659744000,23313.9,23341.8,22926.0,22955.7,1676.716190819973,11746
1659830400,22960.8,23400.0,22845.7,23179.5,1857.9388553199778,12739
1659916800,23179.5,24285.3,23168.2,23822.3,3648.931180810138,23151
1660003200,23819.2,23911.3,22890.3,23162.4,2968.6971926900083,20740
1660089600,23162.4,24200.0,22685.0,23958.8,5640.011478210391,32881
1660176000,23960.0,24901.0,23862.1,23956.2,4553.738374940245,32533
1660262400,23956.2,24472.4,23600.0,24416.7,3187.1240516301277,25847
1660348800,24416.7,24887.3,24304.4,24446.0,2444.862981230051,25332
1660435200,24452.0,25045.7,24168.0,24313.6,2007.208125319994,21642
1660521600,24315.3,25200.0,23789.5,24107.4,3986.5449950402435,34614
1660608000,24102.9,24249.6,23673.1,23867.0,4074.9525473300996,24644
1660694400,23867.0,24438.0,23193.1,23336.2,4531.958497040099,31813
1660780800,23336.2,23590.0,23106.4,23192.3,1904.601198679932,17723
1660867200,23192.4,23192.4,20805.0,20832.2,6696.800929110332,37072
1660953600,20833.2,21368.4,20778.0,21139.9,2228.321709429997,17737
1661040000,21139.8,21812.8,21062.9,21514.4,2571.5575108499806,16541
1661126400,21517.7,21521.1,20904.7,21410.4,2750.792538489916,19851
1661212800,21410.3,21660.0,20900.0,21524.0,2658.6524474100142,19162
1661299200,21523.6,21904.4,21157.6,21375.1,2330.7435515800603,17838
1661385600,21375.0,21811.9,21320.4,21566.0,1888.2161271399334,16925
1661472000,21561.3,21875.0,20097.5,20251.9,5812.789214070397,32691
1661558400,20241.9,20362.5,19829.1,20032.7,2074.608699069975,17785
1661644800,20032.9,20154.8,19525.8,19539.8,1840.8583155499584,15293
1661731200,19539.8,20413.0,19539.7,20296.4,3339.645539290064,20793
1661817600,20290.6,20576.4,19555.0,19812.4,4000.2834101901162,23931
1661904000,19814.2,20473.4,19814.2,20052.6,4013.356762030216,24216
1661990400,20049.4,20195.0,19560.0,20127.8,2829.5866869199535,23301
1662076800,20127.8,20434.9,19764.3,19954.6,3594.8586264500645,20668
1662163200,19954.0,20047.4,19655.6,19834.9,1409.9318489299817,11312
1662249600,19833.3,20010.0,19601.0,19995.8,1308.952671099985,10854
1662336000,20000.0,20045.0,19642.9,19790.5,2418.5220139599946,15086
1662422400,19790.3,20171.2,18670.0,18792.9,7780.1878179203295,32662
1662508800,18791.0,19457.0,18550.0,19283.1,3929.6420589900795,23058
1662595200,19292.8,19441.8,19015.0,19322.1,2781.275914590005,19202
1662681600,19322.5,21585.1,19309.4,21375.4,6607.960004640543,35413
1662768000,21373.3,21800.0,21121.6,21650.4,2229.186316649981,18887
1662854400,21656.6,21850.2,21363.2,21844.6,1949.299692139979,15491
1662940800,21835.6,22475.0,21564.6,22401.3,4241.181548760157,26130
1663027200,22397.8,22790.0,19863.2,20173.6,9152.503024230275,44068
1663113600,20172.8,20525.0,19619.5,20233.0,4155.453945030136,25335
1663200000,20230.6,20335.7,19509.3,19700.6,3130.9709874600126,24815
1663286400,19700.0,19888.3,19326.9,19795.3,3660.7369708800597,19555
1663372800,19795.4,20197.8,19757.0,20118.0,1889.8611472099692,15534
1663459200,20117.1,20119.5,19355.0,19427.0,2462.504966090001,16876
1663545600,19426.9,19678.6,18223.9,19539.8,5171.343505620428,27352
1663632000,19535.0,19629.1,18731.1,18870.0,3495.7316584501887,23976
1663718400,18869.9,19888.0,18138.4,18469.2,8199.87173157015,34485
1663804800,18468.0,19500.0,18372.6,19409.1,3386.5459023000135,21009
1663891200,19409.0,19479.8,18543.0,19289.0,4124.020416420101,22447
1663977600,19287.7,19299.0,18805.1,18928.3,1584.7951417899749,13678
1664064000,18928.2,19175.0,18645.9,18801.5,1829.4455201199846,14689
1664150400,18805.6,19307.7,18695.9,19228.1,4007.1385275600255,21476
1664236800,19226.8,20383.0,18833.7,19090.1,9140.832303630103,33155
1664323200,19090.0,19773.3,18487.5,19400.0,10143.144080140111,31771
1664409600,19400.0,19647.8,18849.1,19600.1,5281.662877060447,28024
1664496000,19600.0,20177.1,19150.0,19425.2,8327.927043390446,39279
1664582400,19425.1,19478.6,19172.0,19316.1,1680.9341944498935,19051
1664668800,19316.1,19393.7,18937.0,19057.8,1799.1196479099715,12608
1664755200,19060.4,19700.0,18985.7,19639.6,3507.051559300173,20153
1664841600,19631.4,20475.0,19508.2,20347.9,5668.961248740509,24242
1664928000,20340.9,20360.9,19754.3,20162.7,3851.6122686302406,19609
1665014400,20163.1,20449.8,19872.7,19955.8,3542.061938300313,20390
1665100800,19955.8,20054.7,19338.4,19532.8,3678.1718219200907,19341
1665187200,19532.8,19615.0,19249.7,19417.5,1337.8507766799803,10018
1665273600,19420.0,19559.5,19335.0,19443.5,903.9235021699917,9334
1665360000,19443.5,19520.0,19040.0,19132.1,2623.752898140043,15727
1665446400,19132.1,19259.4,18860.0,19050.0,3503.5751322600267,15956
1665532800,19050.0,19240.3,18937.3,19155.9,2166.6582869099875,11521
1665619200,19155.8,19498.0,18163.1,19385.5,8222.735234110272,28857
1665705600,19385.4,19939.4,19083.2,19182.9,5003.546696810561,22790
1665792000,19182.4,19220.0,19000.0,19068.0,1512.091336549981,9863
1665878400,19070.6,19420.7,19066.8,19261.7,1539.080774200022,11694
1665964800,19261.8,19667.6,19160.0,19550.9,3302.593574590047,17684
1666051200,19549.8,19696.9,19110.0,19330.6,3216.432109960043,18235
1666137600,19329.1,19355.7,19071.2,19124.1,2169.6702037900104,14961
1666224000,19124.1,19344.3,18900.3,19045.2,2863.4811914000056,18863
1666310400,19045.2,19243.9,18657.1,19171.4,3354.0913383600823,20651
1666396800,19175.7,19250.0,19123.1,19206.0,591.6575312699904,8290
1666483200,19206.0,19679.7,19080.2,19569.9,2135.1376602999767,12555
1666569600,19570.0,19591.3,19158.2,19332.2,2866.2303502900113,16260
1666656000,19330.6,20400.0,19230.4,20085.2,6743.930689600267,25874
1666742400,20085.3,21021.2,20071.1,20775.9,4891.69997701032,22475
1666828800,20775.9,20871.3,20150.1,20286.4,4075.2242760901363,19155
1666915200,20286.4,20743.0,20016.3,20603.8,3853.303183770174,16989
1667001600,20600.7,21074.4,20565.4,20813.6,2053.926064039982,14753
1667088000,20813.8,20925.0,20525.0,20625.0,1600.2317292299824,11331
1667174400,20625.0,20823.0,20250.1,20499.7,3143.697830410151,17212
1667260800,20498.0,20677.0,20339.4,20486.5,1738.253036709968,14313
1667347200,20486.4,20864.3,20059.8,20153.5,3924.5038237400263,22281
1667433600,20153.5,20383.0,20050.0,20209.1,2864.189561760048,17485
1667520000,20209.3,21333.3,20185.4,21148.7,4476.411081970139,25224
1667606400,21149.4,21469.3,21088.3,21299.5,1536.472596619956,16516
1667692800,21300.1,21360.0,20900.0,20910.8,1320.06805440998,13304
1667779200,20910.0,21074.8,20400.0,20597.4,3018.761696630026,19573
1667865600,20592.0,20670.4,17276.2,18544.8,16695.47946846104,84482
1667952000,18544.8,18577.0,15555.0,15863.7,16008.052498380335,75098
1668038400,15878.7,18155.5,15732.8,17557.2,13578.743165710152,54874
1668124800,17555.0,17638.0,16350.0,17009.4,7372.511795980301,37266
1668211200,17009.5,17066.8,16600.0,16775.9,1716.295163349966,19097
1668297600,16777.0,16928.4,16222.9,16310.0,2204.5723616599607,20634
1668384000,16310.0,17149.7,15800.3,16585.9,5464.217675050228,35246
1668470400,16585.8,17098.4,16514.1,16877.3,3919.5211224501745,29283
1668556800,16877.4,16984.0,16370.0,16664.0,3503.4345913902016,23987
1668643200,16658.4,16742.3,16409.4,16681.7,2691.296304000049,19145
1668729600,16685.2,16979.9,16540.8,16682.8,2788.7671931900572,23307
1668816000,16682.7,16795.9,16550.0,16682.3,1067.1957405199678,14621
1668902400,16684.0,16728.7,16156.8,16264.6,1647.2284917799684,16293
1668988800,16264.5,16283.6,15470.5,15760.0,5952.518396660457,34914
1669075200,15759.7,16277.6,15582.7,16195.0,3833.1874510400894,27223
1669161600,16198.3,16690.0,16150.9,16599.3,3329.9418490701178,26149
1669248000,16597.2,16791.4,16451.5,16595.1,1786.9503828899606,19046
1669334400,16591.7,16600.0,16347.6,16512.1,1626.557273339996,17419
1669420800,16514.9,16689.0,16390.6,16452.7,1304.3202091699798,15342
1669507200,16451.9,16588.6,16395.3,16420.2,1330.8792590999783,13405
1669593600,16420.2,16474.9,16000.0,16207.5,3534.7503093900823,23555
1669680000,16207.0,16539.0,16095.5,16428.8,3630.5623677300423,21897
1669766400,16428.8,17250.0,16420.2,17166.9,3971.9219054000664,29785
1669852800,17170.6,17319.9,16870.4,16969.9,1994.2056177899683,22036
1669939200,16971.6,17100.1,16784.2,17088.8,2229.2893452699914,18330
1670025600,17088.7,17171.7,16870.5,16895.2,946.2728507899772,12950
1670112000,16895.1,17199.0,16886.0,17118.8,1210.9421417399697,13886
1670198400,17116.4,17440.0,16888.0,16966.0,3023.307819480069,22028
1670284800,16968.9,17100.0,16915.1,17084.7,1989.5616110299661,18509
1670371200,17087.5,17130.0,16700.0,16837.3,1956.924048329959,18322
1670457600,16836.9,17298.9,16735.9,17228.5,2506.397872069913,20308
1670544000,17228.0,17366.2,17066.6,17131.1,2164.1012573498765,20646
1670630400,17131.3,17226.8,17096.1,17124.0,605.400886650014,14289
1670716800,17125.0,17269.9,17070.4,17085.8,787.6478636900041,15532
1670803200,17088.2,17247.8,16880.0,17207.3,2469.559457239849,23530
1670889600,17209.5,18070.0,17090.0,17769.1,4693.092680810082,33378
1670976000,17769.2,18387.5,17657.4,17804.9,4104.575288220065,31508
1671062400,17804.2,17853.8,17261.4,17361.5,3169.19749711989,26392
1671148800,17360.9,17533.9,16541.0,16631.0,4040.050475179968,30165
1671235200,16631.1,16795.0,16576.6,16782.9,1254.900539949906,19481
1671321600,16782.8,16865.7,16669.1,16746.6,877.8103214100078,15605
1671408000,16745.5,16818.9,16260.2,16440.2,2848.0063350099163,24729
1671494400,16441.4,17067.8,16399.9,16904.8,3123.883129639886,26273
1671580800,16897.4,16922.7,16729.9,16829.4,1751.0002702598701,19962
1671667200,16823.5,16860.0,16565.9,16816.8,2066.5130802798353,23315
1671753600,16816.8,16949.9,16749.9,16779.4,1976.449333669861,20075
1671840000,16779.3,16848.0,16776.4,16836.7,935.1894879800005,14650
1671926400,16836.7,16847.9,16725.4,16824.9,696.1452184600096,14943
1672012800,16824.9,16920.0,16801.0,16914.5,1279.0037489099827,15130
1672099200,16914.5,16962.3,16590.1,16698.0,1935.5378598298814,20258
1672185600,16698.0,16769.9,16453.2,16541.6,2244.7498603799245,20343
1672272000,16541.6,16644.3,16487.0,16628.8,1400.4496815699702,19479
1672358400,16628.9,16683.9,16325.2,16599.9,1989.8614972898604,24079
1672444800,16600.0,16629.7,16464.1,16528.2,1846.9423307898653,18934
1672531200,16528.7,16618.7,16490.0,16614.9,1389.0769492898446,15825
1672617600,16615.0,16777.7,16550.0,16669.2,969.4612612800009,19292
1672704000,16668.3,16770.2,16599.6,16669.3,2014.3989744798232,22846
1672790400,16669.7,16987.4,16650.1,16848.9,2316.939638369922,25666
1672876800,16849.3,16873.3,16752.7,16824.9,1457.9874947499022,21120
1672963200,16825.7,17036.0,16680.0,16951.1,2189.4840349498504,21900
1673049600,16951.1,16974.9,16907.7,16945.0,606.6510829000264,15723
1673136000,16945.1,17163.2,16910.5,17127.7,1130.8786130300155,18305
1673222400,17125.8,17391.9,17105.6,17181.8,2641.2251578501014,26745
1673308800,17181.8,17491.8,17150.4,17443.1,2532.212669149889,27369
1673395200,17443.1,17983.4,17308.8,17943.0,3279.447030680052,24648
1673481600,17943.0,19098.0,17912.9,18854.8,6112.392504410086,37296
1673568000,18855.5,19990.0,18720.6,19930.0,4630.32240592021,33900
1673654400,19930.1,21400.0,19910.0,20959.0,5727.623403000775,44324
1673740800,20960.9,21066.9,20527.3,20877.0,1552.7899224600535,24200
1673827200,20879.4,21484.9,20620.1,21191.3,3286.199394160416,34016
1673913600,21189.3,21679.1,20864.0,21148.7,3222.7812177601263,31075
1674000000,21148.6,21639.9,20395.5,20680.0,7518.988698220554,45547
1674086400,20672.0,21207.0,20658.6,21084.2,2596.6562463001696,28265
1674172800,21084.1,22747.5,20880.1,22682.1,4503.691685630134,34673
1674259200,22682.1,23428.6,22440.3,22781.0,5488.464895460309,36352
1674345600,22785.6,23108.5,22301.2,22717.1,3113.0129158500017,24598
1674432000,22717.1,23166.6,22520.1,22926.1,3015.649854690039,25984
1674518400,22926.0,23158.7,22455.9,22633.8,3077.643596299973,25656
1674604800,22636.0,23829.3,22320.0,23056.5,5020.204656760311,36086
1674691200,23063.2,23293.3,22857.5,23010.6,3753.163920760064,25010
1674777600,23010.6,23500.0,22492.8,23077.5,3420.5339737701247,28818
1674864000,23079.9,23191.9,22900.0,23031.1,1006.2793506300615,20264
1674950400,23031.2,23950.0,22980.1,23751.0,3391.0672008902325,34865
1675036800,23751.0,23798.7,22519.2,22835.1,3959.383763920087,31877
1675123200,22835.0,23317.9,22724.5,23134.9,2438.4190079900136,25033
1675209600,23135.0,23809.2,22753.6,23732.6,4097.227466699962,38182
1675296000,23735.3,24282.1,23383.7,23489.6,5476.574079609991,41809
1675382400,23498.0,23722.0,23221.0,23437.0,3083.3286773098353,32405
1675468800,23437.1,23589.8,23270.5,23327.3,1533.9789960500755,21854
1675555200,23329.3,23428.8,22758.4,22937.8,2339.8459182899646,28269
1675641600,22938.2,23150.0,22599.9,22766.3,3081.0372883000323,28995
1675728000,22765.5,23347.7,22750.1,23253.2,2505.2081477000415,25138
1675814400,23253.3,23450.0,22675.5,22964.8,2330.968641090094,30058
1675900800,22963.6,23008.2,21700.0,21792.0,4427.2973342101695,39050
1675987200,21792.0,21939.9,21475.0,21639.8,2769.511936739996,27382
1676073600,21638.2,21909.8,21610.9,21868.2,1349.0972034599831,14538
1676160000,21868.2,22099.9,21640.1,21786.0,1108.4824985399596,17674
1676246400,21786.0,21902.2,21359.1,21791.2,2505.1404780999733,27721
1676332800,21790.5,22331.3,21505.0,22213.1,2688.7946135799066,24782
1676419200,22213.2,24366.4,22038.5,24334.5,5601.615618070122,41639
1676505600,24340.9,25275.7,23500.0,23521.5,6425.302471070419,50903
1676592000,23521.5,25010.5,23340.4,24572.3,5284.458990270041,46271
1676678400,24572.4,24872.7,24434.7,24643.7,1245.1502828299274,24684
1676764800,24643.8,25190.0,24178.3,24287.2,2747.6564261899616,30130
1676851200,24287.1,25117.9,23867.9,24839.8,3654.0318729400924,31901
1676937600,24839.9,25250.0,24154.4,24442.1,5605.606273510232,39504
1677024000,24442.0,24442.7,23600.0,24186.6,4960.071730900037,35127
1677110400,24187.7,24602.8,23615.3,23942.4,5276.981507650222,36426
1677196800,23946.4,24134.3,22800.8,23193.8,4096.3840866001065,38219
1677283200,23193.7,23224.9,22739.9,23167.3,1909.525230550048,23294
1677369600,23167.3,23685.1,23066.7,23564.5,2684.1624161700597,24886
1677456000,23564.4,23885.4,23108.4,23494.4,3324.9418528901033,31007
1677542400,23491.1,23599.0,23042.0,23133.2,2635.8756640300635,32108
1677628800,23133.2,23977.0,23044.0,23634.9,3268.5624595805602,35801
1677715200,23633.7,23808.0,23202.0,23466.5,2933.027468239955,29963
1677801600,23466.6,23478.5,22000.0,22356.1,4394.078048121428,46587
1677888000,22356.0,22401.0,22168.5,22348.5,965.0604085499973,23257
1677974400,22348.4,22667.2,22212.1,22426.9,1198.1458346699803,15662
1678060800,22428.1,22600.0,22277.1,22409.4,1585.8144820899677,17501
1678147200,22409.3,22554.6,21904.3,22196.9,2676.1228008599273,28780
1678233600,22194.8,22267.9,21600.0,21699.1,2475.224370349878,28049
1678320000,21696.5,21819.0,20042.3,20363.6,5826.279917730189,45307
1678406400,20363.7,20364.0,19549.9,20224.7,8017.548034650754,51367
1678492800,20224.7,20879.0,19888.0,20616.4,9219.865369421217,78209
1678579200,20619.7,22299.9,20440.3,22157.5,7395.001226270764,60425
1678665600,22165.1,24599.0,21867.8,24208.3,13456.229087191088,102910
1678752000,24214.2,26526.0,24051.0,24753.4,12908.387294120857,101638
1678838400,24753.4,25300.0,23913.3,24372.6,7630.694365840433,66294
1678924800,24374.8,25213.0,24210.8,25053.7,6041.060208900383,51392
1679011200,25053.7,27839.2,24947.7,27447.7,11265.191668761023,86931
1679097600,27451.7,27795.0,26606.0,26964.6,7452.655704900669,62017
1679184000,26967.3,28450.0,26890.1,28049.9,7280.962039681023,65337
1679270400,28055.7,28590.6,27222.0,27773.0,9062.7213836511,69224
1679356800,27770.0,28473.5,27341.0,28154.1,6103.635688250341,55096
1679443200,28158.2,28879.9,26623.8,27300.0,10242.573254740713,79570
1679529600,27300.1,28798.9,27172.6,28321.4,7731.155023060756,63211
1679616000,28321.3,28399.7,27007.7,27491.0,6589.1568268205465,58245
1679702400,27491.1,27829.7,27163.9,27490.5,2779.6231205800336,30314
1679788800,27489.9,28240.4,27438.1,28000.0,2964.8816173501264,30180
1679875200,27998.3,28038.0,26491.9,27134.5,5730.756420460487,46620
1679961600,27132.6,27521.4,26600.0,27267.6,3939.131589560051,46045
1680048000,27267.5,28629.4,27258.4,28358.2,5927.021480680151,55683
1680134400,28358.2,29190.0,27700.0,28034.0,6090.409964260436,48787
1680220800,28032.8,28648.2,27520.0,28466.8,4748.600850050248,44367
1680307200,28468.2,28800.0,28220.0,28462.8,2385.120528230003,28653
1680393600,28463.4,28530.0,27850.1,28185.0,1983.6282305899722,27004
1680480000,28181.5,28500.0,27212.7,27800.7,5199.9188548204675,52498
1680566400,27800.0,28429.0,27668.8,28175.5,2770.683056840028,39496
1680652800,28173.0,28792.3,27813.1,28179.1,4424.515384350074,43435
1680739200,28179.0,28194.9,27700.0,28040.0,2519.7493875100176,34110
1680825600,28040.0,28111.3,27783.1,27922.9,1324.0587306499733,26190
1680912000,27923.0,28170.0,27886.0,27956.0,814.3202623599806,15890
1680998400,27955.9,28548.7,27812.2,28333.7,1685.8838310499696,21294
1681084800,28333.8,29800.0,28170.0,29655.0,5357.581725880358,46175
1681171200,29654.9,30586.0,29615.0,30227.6,5638.765550550424,53246
1681257600,30227.7,30505.5,29645.8,29895.2,4582.120741250255,42996
1681344000,29895.2,30650.8,29873.9,30405.9,3994.1752926901545,38636
1681430400,30406.0,31050.0,30000.0,30493.2,5123.1467365604185,47027
1681516800,30493.2,30624.1,30250.0,30315.9,1579.399072079984,19921
1681603200,30315.9,30555.6,30145.0,30316.0,1432.963960289971,18436
1681689600,30316.1,30319.3,29267.0,29449.2,3766.806431700234,40094
1681776000,29449.3,30480.8,29123.0,30388.8,4929.643837970418,46088
1681862400,30386.8,30410.5,28577.0,28814.0,5844.5507546304825,50504
1681948800,28814.3,29098.7,28009.0,28241.5,4836.04373377041,48232
1682035200,28245.7,28361.9,27146.2,27264.3,4842.133222330448,48982
1682121600,27264.4,27892.2,27137.5,27818.8,1867.6032353699154,26627
1682208000,27818.7,27818.8,27344.0,27589.7,1565.96630989994,23220
1682294400,27588.1,28000.0,26969.4,27518.6,3754.955957050184,37995
1682380800,27518.5,28385.0,27189.0,28300.9,3883.0456547801355,38462
1682467200,28300.9,30037.3,27258.4,28424.9,9275.436797860653,62390
1682553600,28425.0,29882.1,28392.9,29472.4,6148.946251340319,47090
1682640000,29476.8,29605.0,28904.6,29323.9,3740.0367747701257,37517
1682726400,29323.9,29459.8,29015.0,29240.6,1587.3301978699687,22274
1682812800,29240.7,29975.0,29103.0,29243.1,4212.937676610243,34295
1682899200,29245.3,29330.9,27643.2,28074.1,4858.003536710275,41044
1682985600,28076.6,28937.5,27877.9,28677.1,3612.138966670196,34296
1683072000,28678.8,29267.5,28135.0,29033.3,3967.546415640269,41996
1683158400,29034.5,29372.0,28699.6,28852.7,3076.7504310401882,32023
1683244800,28852.9,29697.4,28829.8,29530.2,4046.700515020332,38953
1683331200,29530.3,29868.1,28338.0,28901.7,2964.1400201601978,30288
1683417600,28901.6,29191.8,28438.4,28468.0,1837.8065214099322,20386
1683504000,28466.8,28662.8,27282.1,27693.2,4230.412410730297,40704
1683590400,27693.7,27824.5,27367.8,27635.0,3355.026150229976,52858
1683676800,27635.1,28334.2,26792.9,27617.8,5297.862303870501,48568
1683763200,27615.6,27645.9,26720.0,26979.3,3146.267528910179,32924
1683849600,26977.9,27102.1,25827.4,26800.0,5673.644184570608,48031
1683936000,26800.0,27105.5,26700.6,26786.3,1548.7015744699002,23366
1684022400,26788.4,27194.7,26600.0,26923.0,1137.4330916699637,21767
1684108800,26922.2,27677.0,26727.8,27167.6,4189.476051420291,38130
1684195200,27166.2,27301.2,26850.1,27036.0,2539.670482230152,31535
1684281600,27036.0,27500.0,26550.0,27402.3,3860.6257667202062,37655
1684368000,27402.3,27474.3,26345.0,26817.9,3735.4108513902947,34907
1684454400,26819.0,27174.8,26635.3,26887.4,2132.4909048599766,29046
1684540800,26887.4,27155.0,26834.2,27111.4,1025.4335330199544,18621
1684627200,27111.1,27270.0,26667.4,26750.6,1811.1451682498955,22104
1684713600,26749.5,27096.0,26512.4,26854.8,2008.4840432299388,22997
1684800000,26855.4,27511.7,26807.3,27221.5,2637.1161837600403,27123
1684886400,27221.5,27235.4,26069.1,26327.7,3613.201905840086,32498
1684972800,26327.8,26607.4,25865.0,26476.5,2604.965972029992,26557
1685059200,26476.6,26940.3,26338.0,26706.3,2926.5763171299836,25066
1685145600,26715.9,26900.0,26554.8,26873.7,1621.0419034899721,17807
1685232000,26873.7,28257.0,26788.7,28090.0,3644.600954740109,30743
1685318400,28090.0,28450.0,27550.0,27741.3,2937.7276702901618,28535
1685404800,27741.4,28047.0,27559.8,27699.2,3455.192859260157,31348
1685491200,27699.2,27828.6,26841.3,27216.2,3519.3263072901486,35238
1685577600,27215.1,27341.5,26571.5,26814.8,2863.4909428000606,31299
1685664000,26815.4,27312.2,26500.1,27253.2,2826.531154530035,35456
1685750400,27253.1,27344.6,26931.8,27071.9,1060.2884803399886,18422
1685836800,27072.0,27489.0,26967.0,27122.9,904.6975605399743,18152
1685923200,27122.9,27128.0,25400.0,25721.0,5608.0275818803875,52278
1686009600,25724.8,27368.4,25369.0,27240.1,5996.096938160717,55924
1686096000,27240.0,27387.3,26131.7,26352.3,4516.219545920322,42962
1686182400,26352.3,26831.0,26221.7,26506.7,2485.133827190032,26461
1686268800,26506.7,26784.4,26275.4,26484.1,1980.4534522899523,23284
1686355200,26484.1,26530.8,25400.0,25851.0,4580.014061440242,43239
1686441600,25851.0,26200.0,25659.0,25929.0,1486.5127711099622,20182
1686528000,25929.1,26098.3,25620.2,25904.8,2145.6380535199823,26745
1686614400,25904.8,26399.9,25713.4,25932.9,2663.904128940072,31764
1686700800,25928.7,26064.8,24818.0,25123.9,4189.432221990149,38788
1686787200,25124.0,25743.8,24751.1,25577.1,4450.158340540204,43149
1686873600,25577.0,26497.0,25140.0,26323.0,3754.7690526603274,39063
1686960000,26323.0,26793.8,26175.0,26511.8,1777.0497323699217,26001
1687046400,26511.9,26685.1,26253.2,26334.7,1332.0503994599708,20971
1687132800,26334.7,27041.8,26262.7,26840.0,3537.789269920205,33357
1687219200,26840.1,28400.0,26650.0,28308.9,7518.189669480702,63563
1687305600,28308.8,30794.9,28280.3,29992.0,9800.503872891066,79951
1687392000,29986.8,30460.0,29550.0,29900.0,6065.208940070517,61633
1687478400,29900.1,31435.3,29820.0,30687.7,6294.807936720546,57320
1687564800,30687.7,30812.3,30254.6,30542.4,2012.1885706099054,30572
1687651200,30542.4,31025.4,30250.0,30447.3,1994.5210451099424,31594
1687737600,30447.2,30645.0,29914.6,30264.2,2819.6618556200788,42017
1687824000,30264.2,31008.5,30223.6,30695.8,3399.780782590145,39956
1687910400,30695.9,30720.9,29834.2,30088.1,3264.3073892101816,37086
1687996800,30088.2,30825.0,30052.5,30450.6,2830.0593398200735,32240
1688083200,30450.5,31276.9,29375.6,30475.0,6436.309907540114,53735
1688169600,30475.0,30640.3,30333.2,30591.7,708.9249388999859,15724
1688256000,30591.7,30783.2,30192.0,30622.7,726.8372464299797,18792
1688342400,30622.7,31373.7,30586.0,31144.9,2516.533746040038,26309
1688428800,31145.0,31319.7,30622.6,30781.9,1677.5705254699503,21579
1688515200,30781.9,30856.6,30160.4,30502.8,2381.908962889998,25094
1688601600,30502.8,31631.0,29868.3,29901.7,4687.519551200484,43428
1688688000,29907.7,30433.3,29699.0,30339.1,2370.6693312800917,26839
1688774400,30339.1,30380.9,30077.0,30294.3,647.420227579982,16166
1688860800,30294.3,30448.3,30100.0,30175.1,572.6126893999804,14995
1688947200,30175.1,31017.3,29966.1,30409.9,2484.1904665600123,29103
1689033600,30409.9,30786.6,30329.0,30623.9,1749.523004309945,23329
1689120000,30623.9,30969.0,30230.0,30395.3,2509.586094180064,25447
1689206400,30395.3,31790.8,30217.1,31486.0,4744.47078912031,46549
1689292800,31486.1,31634.2,29950.0,30329.7,4146.5909550702045,41945
1689379200,30329.7,30387.6,30270.5,30284.4,617.3855673099752,14634
1689465600,30284.4,30447.5,30069.0,30239.3,804.6453202699598,15511
1689552000,30239.3,30330.9,29669.0,30148.2,2242.0369222000027,28709
1689638400,30148.2,30212.5,29500.0,29857.3,2056.4648557499927,28591
1689724800,29857.3,30199.9,29762.9,29912.6,1796.0905576000168,26314
1689811200,29912.7,30405.9,29591.2,29797.9,2182.5940536799603,28655
1689897600,29797.9,30053.2,29720.3,29915.1,1288.5421111399733,21343
1689984000,29915.1,29980.1,29650.0,29766.8,638.1612133999919,13654
1690070400,29766.7,30333.5,29746.8,30082.4,833.0813370799889,14216
1690156800,30082.4,30087.3,28880.0,29178.4,2561.931368210032,26211
1690243200,29179.9,29371.0,29060.9,29225.0,1194.3007189199996,19035
1690329600,29225.0,29678.3,29105.5,29336.1,2031.4687992999611,23333
1690416000,29336.1,29553.3,29071.7,29209.0,1379.5503617799848,19455
1690502400,29209.0,29506.1,29112.8,29314.2,1100.848282409988,18514
1690588800,29315.4,29392.4,29261.9,29360.4,627.280995979995,13358
1690675200,29360.5,29440.4,29054.8,29277.7,448.5000955099952,13091
1690761600,29277.8,29500.0,29123.9,29227.6,1448.5230883299962,18810
1690848000,29227.6,29695.2,28760.0,29695.2,2853.547669180005,25471
1690934400,29694.9,30000.0,28932.9,29152.3,2900.004760380034,25938
1691020800,29152.3,29395.8,28960.0,29187.2,1921.0728071699825,20574
1691107200,29187.2,29305.2,28800.0,29072.9,1209.7954205299905,19423
1691193600,29073.0,29099.9,28955.7,29047.1,412.2203911599974,12305
1691280000,29047.2,29153.8,28952.1,29036.9,447.68761326999174,11605
1691366400,29037.0,29225.0,28628.9,29179.0,2071.042523299988,23628
1691452800,29179.0,30190.0,29113.7,29766.6,3409.68303902007,36121
1691539200,29766.6,30099.2,29372.8,29570.8,2410.6880892400127,30906
1691625600,29570.9,29694.4,29329.0,29429.0,1482.9288471299824,23084
1691712000,29429.0,29534.0,29208.1,29399.0,1031.8284001499858,21230
1691798400,29399.0,29455.6,29353.9,29412.4,389.6253596699913,11924
1691884800,29412.5,29440.1,29260.0,29285.1,490.0662796499986,11125
1691971200,29285.1,29657.8,29100.0,29418.4,1250.3832707699728,23129
1692057600,29418.5,29450.0,29075.0,29165.4,1194.0621920699693,22204
1692144000,29165.4,29219.9,28695.3,28698.5,1475.966838519966,25119
1692230400,28699.3,28748.0,24800.0,26636.6,5962.148935790661,60649
1692316800,26633.1,26820.0,25607.1,26046.6,3116.9500331901677,39950
1692403200,26046.5,26250.0,25800.1,26083.2,950.1155657199729,17641
1692489600,26083.2,26275.3,25995.7,26188.5,583.2316086799834,13283
1692576000,26188.5,26225.0,25807.3,26123.4,1245.4671771499702,19323
1692662400,26123.4,26123.4,25359.9,26040.4,1646.3291120999556,25238
1692748800,26040.5,26779.4,25803.4,26417.4,2401.3554332401163,30922
1692835200,26417.5,26562.0,25875.7,26160.0,1416.8821604400043,24719
1692921600,26160.0,26281.5,25778.0,26049.8,1427.0337225800015,27640
1693008000,26049.9,26098.3,25984.9,26002.4,356.70707824999107,12064
1693094400,26002.4,26165.9,25966.6,26087.4,448.2965730399889,15093
1693180800,26087.4,26230.9,25860.2,26109.6,1348.3081503000353,23418
1693267200,26109.6,28150.0,25927.2,27731.7,4726.090764510227,45609
1693353600,27731.7,27757.3,27005.2,27305.4,2032.9573292399746,25398
1693440000,27305.4,27605.5,25663.0,25936.2,2375.0244336900114,33151
1693526400,25936.3,26127.0,25333.3,25808.3,2544.982776650213,35313
1693612800,25808.3,25973.8,25754.1,25869.7,614.2333392099799,17156
1693699200,25869.7,26119.0,25820.1,25969.4,619.2143450399853,14331
1693785600,25969.4,26079.2,25630.8,25806.3,849.9078225599703,19691
1693872000,25806.3,25868.8,25580.5,25788.7,941.7146793199613,22815
1693958400,25788.8,26000.0,25385.2,25763.8,1152.7566617800119,23522
1694044800,25763.7,26487.7,25609.0,26236.4,2170.1435955999564,28647
1694131200,26236.5,26414.0,25650.0,25905.2,2181.020016570004,25850
1694217600,25905.3,25919.2,25803.7,25891.3,339.50872668998977,13804
1694304000,25891.3,26040.7,25582.5,25830.0,961.695521179979,16836
1694390400,25830.0,25875.0,24925.0,25163.4,3265.830637150083,32564
1694476800,25163.4,26528.9,25140.1,25832.4,3632.512482710149,33375
1694563200,25832.4,27212.0,25780.0,26231.1,2898.1146983900885,25240
1694649600,26231.2,26833.0,26154.6,26535.5,2586.8982329800415,27763
1694736000,26535.5,26887.7,26220.9,26610.0,2739.2087836900346,25959
1694822400,26610.1,26756.8,26480.5,26568.5,519.0425146399936,16223
1694908800,26568.4,26603.2,26412.0,26539.8,402.86791696999006,12325
1694995200,26539.9,27468.1,26405.7,26758.3,3044.118506140045,31481
1695081600,26758.3,27494.5,26691.2,27228.6,2891.0686524201406,28030
1695168000,27228.6,27397.8,26826.7,27135.1,2185.322788799963,25852
1695254400,27135.1,27150.0,26358.2,26567.6,2525.150416800001,24016
1695340800,26567.6,26716.9,26490.0,26583.8,1377.7881838199996,17004
1695427200,26583.8,26630.0,26500.0,26580.8,554.3160530699887,10469
1695513600,26580.8,26711.0,26157.0,26252.3,722.6816090499863,13034
1695600000,26252.4,26420.0,26000.0,26289.8,2938.533455910053,21545
1695686400,26289.8,26393.2,26094.3,26214.9,1256.8872853099951,15093
1695772800,26214.9,26818.2,26100.1,26359.9,2024.3096071999687,19930
1695859200,26359.9,27312.9,26329.9,27026.8,2519.5584713300605,23912
1695945600,27027.3,27225.7,26692.0,26920.1,2046.2752038699803,20114
1696032000,26920.1,27096.0,26888.3,26972.9,591.6336631299895,14799
1696118400,26972.1,28087.9,26965.7,27981.1,1803.4097130599803,21224
1696204800,27981.1,28572.5,27298.0,27500.9,5477.097087430283,35755
1696291200,27500.9,27658.2,27189.0,27428.2,2269.8204280200807,24647
1696377600,27428.2,27826.3,27229.8,27800.0,1661.173203540027,23331
1696464000,27800.0,28116.4,27366.1,27413.8,2420.0661358401,23690
1696550400,27413.8,28284.9,27185.1,27947.8,2704.3498735402036,26866
1696636800,27947.8,28028.7,27865.7,27973.4,811.4980861799759,14697
1696723200,27973.4,28107.2,27740.1,27934.7,677.891290899981,15402
1696809600,27934.7,27996.8,27275.0,27586.1,2304.9960993800805,20469
1696896000,27586.1,27713.6,27300.0,27397.3,1585.4451793800235,19904
1696982400,27397.3,27468.9,26551.0,26868.2,3092.0779960902414,28755
1697068800,26868.2,26925.0,26560.0,26760.9,1601.346123329977,21562
1697155200,26760.9,27137.0,26675.0,26867.9,2111.7948179099776,21702
1697241600,26867.9,26976.5,26820.0,26857.3,730.7568177699848,13661
1697328000,26857.3,27292.1,26820.1,27170.1,1026.0854518499766,13714
1697414400,27170.1,30000.0,27119.9,28516.8,7787.355595891448,55432
1697500800,28516.8,28606.3,28100.0,28415.8,2328.4765276900407,22037
1697587200,28415.8,28980.6,28170.0,28335.1,2035.0264680200128,24331
1697673600,28335.1,28900.0,28150.5,28726.9,2372.5445571200944,24125
1697760000,28727.0,30215.0,28600.1,29680.9,3812.086079160222,37101
1697846400,29680.9,30343.3,29483.5,29920.2,2252.1971226200403,21656
1697932800,29920.2,30220.7,29694.1,29987.3,1328.856382749954,24150
1698019200,29987.3,34800.0,29914.0,33084.4,7154.716010000938,69925
1698105600,33084.4,35225.0,32880.1,33922.4,7855.013861510497,80894
1698192000,33921.6,35140.3,33706.1,34489.9,3923.7592446603985,47051
1698278400,34489.9,34825.0,33717.2,34155.2,3871.4389016304153,42549
1698364800,34155.2,34239.7,33318.6,33915.1,2681.161788730222,34273
1698451200,33915.1,34463.7,33852.8,34092.1,1222.2217325599265,21136
1698537600,34092.0,34758.5,33960.1,34529.5,1521.6043877499465,22753
1698624000,34529.5,34953.4,34100.1,34508.1,2531.608139610089,29612
1698710400,34508.1,34719.9,34060.1,34655.2,1855.5664941899634,31032
1698796800,34653.9,35612.5,34120.0,35441.7,3806.804402240286,45918
1698883200,35441.7,35945.0,34350.0,34927.7,3988.475898610331,39068
1698969600,34927.8,34927.8,34133.0,34741.2,2119.5212625099903,30226
1699056000,34741.2,35257.9,34614.4,35090.3,1617.4128925599714,21993
1699142400,35091.1,35382.1,34520.1,35050.0,1827.875378589939,24200
1699228800,35050.1,35267.1,34767.3,35028.6,1572.8083256099542,28226
1699315200,35028.6,35900.1,34560.0,35449.0,2573.3125797700905,32147
1699401600,35449.1,36094.0,35100.0,35626.4,2554.5281668900234,28280
1699488000,35626.4,37971.0,35517.3,36694.0,8078.048004620879,60387
1699574400,36702.5,37500.0,36340.1,37311.7,4459.426937610334,34239
1699660800,37311.7,37411.7,36658.0,37139.8,1725.244614429949,24025
1699747200,37139.9,37227.6,36727.3,37053.9,1172.596290119961,18026
1699833600,37053.9,37423.0,36371.0,36494.1,3275.0493285500365,27332
1699920000,36494.1,36750.1,34666.0,35544.4,4657.82009731035,35780
1700006400,35544.4,37950.0,35361.7,37896.7,4451.097162030353,43661
1700092800,37896.7,37950.0,35517.2,36159.1,6415.89077125066,41103
1700179200,36159.1,36888.0,35851.2,36625.0,4591.392661850188,31640
1700265600,36625.0,36850.0,36222.0,36586.1,1154.6643470499523,20436
1700352000,36586.1,37531.9,36416.4,37373.9,1751.8509044999714,21034
1700438400,37383.9,37777.0,36715.0,37480.5,4171.72372130024,31266
1700524800,37480.5,37655.8,35777.1,35777.1,6261.5096534905,40500
1700611200,35777.1,37848.0,35645.0,37428.1,6119.78524784047,36687
1700697600,37428.1,37624.0,36874.7,37300.9,2749.3135143400586,22735
1700784000,37300.9,38432.9,37277.2,37710.4,4254.02172775024,33793
1700870400,37716.2,37900.0,37614.0,37800.2,1204.5967098399547,17804
1700956800,37800.2,37810.0,37151.1,37469.9,1333.5358220999897,19626
1701043200,37469.9,37565.6,36720.0,37254.1,2144.8213622199987,25729
1701129600,37254.1,38390.7,36901.0,37832.7,3571.3781270201484,29544
1701216000,37832.7,38419.0,37604.9,37870.0,2377.6354529499895,26475
1701302400,37870.0,38148.9,37501.0,37717.7,1732.0766670999635,20738
1701388800,37719.0,38924.4,37629.7,38690.0,3704.4703049301024,34053
1701475200,38690.0,39700.0,38657.1,39477.1,1964.8556272899484,25190
1701561600,39477.1,40117.2,39299.0,39975.1,2138.769821619955,25997
1701648000,39975.1,42415.5,39476.0,41984.7,7454.600307850526,60143
1701734400,41983.0,44465.0,41427.1,44080.8,5566.77459438061,48519
1701820800,44080.8,44277.2,43335.5,43761.7,3558.308187400201,37862
1701907200,43761.7,44041.4,42885.0,43291.7,2649.072800810108,27193
1701993600,43288.1,44699.0,43120.1,44179.5,3595.641370280205,29015
1702080000,44179.6,44368.9,43606.0,43709.6,1720.1591310499807,20049
1702166400,43709.7,44040.1,43587.6,43788.0,1376.787528189966,17220
1702252800,43788.0,43808.4,39999.0,41236.8,6918.905064160693,48591
1702339200,41236.9,42300.0,40662.4,41469.9,3827.464335320343,28685
1702425600,41470.0,43421.5,40606.6,42889.1,3664.0506938801736,30052
1702512000,42889.1,43380.1,41359.0,43016.1,3403.6602848301977,28367
1702598400,43016.1,43090.9,41697.5,41943.3,2421.8612541200023,25033
1702684800,41943.3,42664.2,41648.8,42231.5,1484.4653122199552,15154
1702771200,42231.5,42350.0,41238.0,41344.3,2873.7864755900673,17247
1702857600,41344.4,42709.4,40515.9,42646.1,3401.344787500163,26546
1702944000,42644.7,43422.7,41820.0,42267.0,3052.465351570087,24918
1703030400,42267.1,44300.0,42231.2,43630.0,4004.570372150187,29328
1703116800,43630.0,44236.9,43329.6,43869.3,2615.3516121100984,23990
1703203200,43869.4,44429.4,43450.1,43997.0,2630.8376672705626,27294
1703289600,43997.0,43999.0,43314.0,43750.1,1140.859804069972,18437
1703376000,43750.1,43933.1,42680.0,43014.9,2343.633430670002,18418
1703462400,43014.9,43777.9,42765.0,43604.1,1746.9517835199588,15998
1703548800,43604.1,43604.1,41637.1,42519.1,3180.6361719701413,26339
1703635200,42519.1,43650.0,42150.2,43468.1,2143.6843959999755,20736
1703721600,43467.2,43792.3,42307.2,42616.4,2766.353204710117,26383
1703808000,42616.4,43135.8,41300.6,42097.9,2612.4464007900765,27964
1703894400,42097.9,42577.2,41551.8,42150.0,1306.5526262599606,16586
1703980800,42150.1,42874.4,41991.1,42241.1,1509.6236570399683,15673
1704067200,42241.1,44187.5,42215.7,44180.8,2457.3041963399673,19869
1704153600,44180.8,45913.4,44113.2,44972.0,6462.55371770082,45964
1704240000,44975.4,45509.3,39501.0,42849.5,7003.557997900799,59410
1704326400,42849.5,44784.9,42682.0,44211.9,3461.2064918103547,34669
1704412800,44210.0,44365.0,42480.0,44179.9,3371.0470133502163,37163
1704499200,44179.9,44241.8,43451.0,43960.0,990.4193612399687,16180
1704585600,43960.0,44483.9,43648.1,43915.9,1547.796631539953,19115
1704672000,43915.9,47306.6,43208.5,46989.4,6838.674226671361,52738
1704758400,46989.5,47988.0,44500.0,46128.7,8483.345197191562,62186
1704844800,46128.7,47699.6,44331.8,46664.8,8288.080644861215,65957
1704931200,46678.1,49000.0,45619.1,46350.4,7397.105831031103,66493
1705017600,46350.4,46500.0,41476.0,42800.1,9423.715409870703,66644
1705104000,42800.1,43230.0,42459.8,42827.9,1718.420820559946,25811
1705190400,42827.9,43055.0,41717.0,41719.1,2802.7818753199895,25058
1705276800,41717.1,43318.0,41700.0,42506.4,2405.0853205099907,23846
1705363200,42499.3,43568.3,42042.1,43134.7,2360.5010623301323,26322
1705449600,43134.7,43165.0,42190.2,42747.8,2079.155240639974,21927
1705536000,42746.1,42877.0,40625.0,41264.7,3426.9823350001966,28062
1705622400,41264.8,42140.3,40255.0,41611.9,3578.2844199100823,27090
1705708800,41611.9,41800.0,40000.0,41650.0,827.7478071799956,10244
1705795200,41649.9,42260.0,41482.8,41554.7,892.7563883899774,10991
1705881600,41554.8,41654.2,39410.9,39510.0,4093.7335397600273,35136
1705968000,39510.0,40100.0,38518.0,39844.0,3365.9204303504507,30988
1706054400,39844.0,40492.3,39451.1,40069.8,2453.9391070801266,22651
1706140800,40069.8,40261.7,39556.2,39924.8,1465.2465363600038,16598
1706227200,39924.8,42213.6,39810.4,41814.2,3399.1730293501164,27229
1706313600,41814.3,42194.3,41399.9,42126.3,1297.453657479996,13460
1706400000,42126.3,42800.0,41651.2,42024.9,1693.0120831199818,16833
1706486400,42025.0,43333.0,41817.8,43269.5,1946.953794630017,22540
1706572800,43272.7,43857.2,42716.0,42956.0,2446.944124560137,22857
1706659200,42956.0,43742.3,42300.1,42551.7,2838.352393460161,22977
1706745600,42551.7,43250.0,41882.5,43075.2,2669.024788110106,21059
1706832000,43075.3,43431.5,42546.6,43185.9,2184.3809649900463,18075
1706918400,43185.9,43345.2,42900.1,42982.8,526.1579957799918,10467
1707004800,42982.8,43091.1,42232.8,42591.4,629.5638693099812,10772
1707091200,42591.3,43489.0,42250.9,42650.0,1582.9570423800412,20053
1707177600,42650.0,43339.7,42530.3,43085.0,1340.5979922499648,17580
1707264000,43085.0,44362.0,42763.7,44333.6,3765.6894963503355,23295
1707350400,44333.7,45606.2,44333.7,45329.6,3551.718979420566,29430
1707436800,45329.6,48188.5,45258.8,47127.0,5688.465589710771,44582
1707523200,47127.1,48154.0,46900.0,47773.2,1605.6609850399284,18326
1707609600,47766.2,48590.0,47580.9,48295.0,1781.3607362499804,21288
1707696000,48295.0,50339.5,47642.0,49943.7,5147.573394880847,37650
1707782400,49943.7,50390.2,48240.0,49755.4,3982.4749894303545,30280
1707868800,49750.1,52136.8,49255.2,51835.1,4718.310454950769,43123
1707955200,51835.2,52843.0,51335.2,51947.1,4193.46649497029,39762
1708041600,51947.1,52574.2,51625.0,52185.3,2064.578767530021,24426
1708128000,52185.3,52192.0,50581.2,51700.0,2108.8856312399867,22226
1708214400,51700.1,52392.1,51231.1,52156.3,1645.2726120900375,20234
1708300800,52157.1,52475.6,51704.8,51771.1,1628.629187100018,20670
1708387200,51771.2,52991.8,50663.7,52270.1,4612.934753080311,31235
1708473600,52270.1,52359.9,50636.4,51866.9,2178.5413563601933,28718
1708560000,51866.9,52035.0,50890.2,51300.1,1926.7400600299743,24141
1708646400,51300.1,51472.4,50456.0,50739.4,1510.2197808399603,22003
1708732800,50739.4,51650.0,50589.7,51554.5,942.0020504599761,15680
1708819200,51554.5,51936.7,51300.0,51733.8,1220.6189446699736,14195
1708905600,51733.8,54920.0,50950.0,54525.4,5241.139457420691,43438
1708992000,54525.4,57572.6,54478.8,57072.6,5285.874514290944,50826
1709078400,57066.2,64015.8,56000.4,62487.8,10911.287735423055,106181
1709164800,62489.8,63583.5,60108.8,61180.9,6805.481645120992,70008
1709251200,61180.9,63150.0,60800.1,62434.3,3522.1283666702498,37012
1709337600,62434.3,62500.0,61663.3,62033.7,2212.55763597001,22204
1709424000,62028.6,63255.0,61400.0,63178.2,1592.02456274994,26888
1709510400,63178.3,68521.0,62262.0,68323.1,6106.308525400977,70168
1709596800,68338.6,69218.0,59150.0,63802.3,10647.217101861184,112409
1709683200,63805.2,67635.3,62876.6,66098.9,4896.523842000771,58924
1709769600,66098.9,68050.0,65668.0,66936.5,3147.2504765603016,43026
1709856000,66936.7,70000.0,65200.0,68333.0,4438.299908230665,60515
1709942400,68333.0,68657.4,68047.8,68459.1,964.9999656699791,21161
1710028800,68459.1,69981.0,68254.9,69040.1,2360.9565790699407,38143
1710115200,69040.1,72866.4,67187.3,72100.0,5547.01813187089,62666
1710201600,72100.1,73000.0,68660.2,71484.7,3980.185771460641,56539
1710288000,71480.8,73666.5,71336.1,73082.4,2818.467391810168,40002
1710374400,73089.7,73734.0,68554.9,71371.2,4983.783632010484,55646
1710460800,71371.3,72500.0,65600.0,69488.8,5903.817852831301,81362
1710547200,69488.9,69999.0,64802.6,65249.6,2550.1907180000458,41076
1710633600,65249.6,68815.6,64555.0,68355.6,2581.900483050085,36130
1710720000,68355.6,68898.3,66569.4,67600.0,2892.3224099202307,38800
1710806400,67600.0,68075.0,61537.5,61908.4,6851.432851801159,69108
1710892800,61905.3,68137.3,60778.2,67866.0,6500.5327046310595,63905
1710979200,67866.1,68238.0,64564.4,65499.9,2710.1780974600288,36754
1711065600,65500.0,66614.8,62204.1,63810.1,2845.9453118001156,38432
1711152000,63810.0,65970.0,63050.4,64034.5,1933.6536099699479,25782
1711238400,64034.4,67614.8,63825.0,67193.9,1806.6128304999193,29362
1711324800,67199.1,71217.1,66438.4,69950.0,4434.310518310477,46157
1711411200,69950.1,71557.7,69116.8,70000.1,2600.3297415300535,33710
1711497600,70000.1,71746.9,68366.5,69437.3,3899.0036040302093,36854
1711584000,69437.2,71546.3,68800.0,70742.2,3156.0698693300615,31994
1711670400,70742.2,70911.4,69128.7,69917.1,1885.1134209199415,25085
1711756800,69917.0,70354.4,69607.6,69652.0,669.4307168999735,16293
1711843200,69652.0,71323.9,69600.0,71306.8,1097.3909699799685,17719
1711929600,71306.7,71306.8,68101.0,69681.1,2039.090779859911,30706
1712016000,69681.1,69699.9,64572.7,65457.6,3892.191274010434,49119
1712102400,65457.6,66902.0,64541.2,65991.5,1507.1409871699416,27797
1712188800,65991.4,69354.7,65116.1,68527.4,2782.2282648101022,35929
1712275200,68527.4,68755.0,66004.5,67856.5,3264.190924260322,38198
1712361600,67856.5,69693.1,67513.7,68908.6,1622.3775854699809,21772
1712448000,68908.6,70300.0,68888.0,69386.1,1592.3523465899527,25350
1712534400,69386.0,72731.5,69114.5,71650.0,3524.0605366901873,35795
1712620800,71650.1,71738.0,68263.2,69159.9,3982.9870962500845,33120
1712707200,69159.9,71100.1,67500.0,70612.2,2906.1297605701143,31855
1712793600,70612.3,71250.9,69600.1,70046.4,1971.121409399955,24454
1712880000,70046.4,71200.0,65118.0,67205.2,5854.233088110341,57182
1712966400,67199.8,67946.1,60495.0,64042.4,5688.400927040613,70957
1713052800,64018.6,65835.1,62665.7,65700.0,2418.6858525200223,32825
1713139200,65700.0,66898.7,62355.9,63408.4,3187.667100880217,37021
1713225600,63441.8,64341.9,61551.0,63832.6,3089.1680304601205,35941
1713312000,63832.6,64444.0,59700.0,61284.4,3856.04073894052,44574
1713398400,61284.4,64142.7,60857.6,63509.1,2723.02362572023,33781
1713484800,63499.5,65499.9,59666.0,63849.1,4458.8198027605495,47188
1713571200,63846.0,65424.1,63164.0,64993.7,2049.0418291399733,22742
1713657600,64993.8,65715.3,64281.0,64953.6,1341.967184119946,20250
1713744000,64953.0,67200.0,64543.1,66831.4,2626.8865329001524,30124
1713830400,66831.4,67190.0,65853.8,66419.8,1878.0828975899744,22754
1713916800,66419.8,67000.0,63583.4,64291.3,2418.7324478501037,30431
1714003200,64291.3,65300.0,62743.5,64489.1,2429.37373644004,26865
1714089600,64489.1,64760.8,63338.4,63750.8,1618.439491019979,20807
1714176000,63750.8,63893.0,62396.6,63425.0,1349.3338637099585,20574
1714262400,63425.1,64301.0,62785.8,63114.9,767.9538548999775,14007
1714348800,63114.1,64125.0,61774.6,63822.1,1659.8210448599607,23883
1714435200,63822.1,64738.3,59110.0,60610.0,4103.947345010252,46707
1714521600,60610.0,60775.0,56378.0,58272.2,5815.315384460249,56786
1714608000,58272.3,59602.1,56929.9,59124.1,2549.0291634000273,31233
1714694400,59113.2,63284.0,58848.7,62925.8,3761.995322700172,33396
1714780800,62925.8,64500.0,62550.4,63895.3,2487.057942650049,23702
1714867200,63898.0,64646.7,62937.0,64067.5,1244.9534990099623,16729
1714953600,64067.5,65500.0,62720.2,63161.7,2920.3914268101735,28788
1715040000,63161.7,64332.9,62305.0,62325.0,2316.1389823400623,24651
1715126400,62325.0,62966.2,60888.9,61172.1,1624.8222779399705,26541
1715212800,61172.1,63418.5,60650.7,63051.9,1439.2857512600863,25942
1715299200,63052.0,63521.1,60220.2,60794.6,2069.446618069943,30694
1715385600,60790.8,61437.2,60484.0,60805.0,792.9645837299869,13638
1715472000,60805.0,61800.0,60638.9,61444.6,668.2206084899908,11630
1715558400,61444.6,63400.0,60773.2,62910.0,1728.0494649399616,25694
1715644800,62910.0,63075.0,61000.0,61568.6,1843.7397257499401,25935
1715731200,61568.6,66450.0,61325.4,66233.0,4260.468743970785,44050
1715817600,66233.1,66700.0,64557.0,65228.4,2547.439997500183,29516
1715904000,65228.4,67443.0,65121.1,67043.5,2179.14176715,29398
1715990400,67043.6,67362.9,66620.4,66920.0,565.401864419973,14082
1716076800,66920.1,67984.0,65922.0,66262.4,1096.6400335699616,18556
1716163200,66262.5,71464.9,66111.0,71408.1,3168.465513120212,44283
1716249600,71399.0,71896.4,69202.0,70145.1,2366.52579535006,34455
1716336000,70145.1,70594.2,68725.2,69144.0,2667.192083460023,26690
1716422400,69144.1,70500.0,66250.0,67940.8,3538.19855776022,34662
1716508800,67947.0,69285.3,66652.4,68539.1,1803.1920351199567,24678
1716595200,68541.0,69608.3,68540.6,69278.7,627.9022251999771,14226
1716681600,69278.7,69461.2,67971.1,68476.4,481.5719910200018,14241
1716768000,68474.4,70600.0,68266.6,69377.8,1340.8634832299335,23310
1716854400,69377.8,69509.6,67243.1,68324.9,1727.6200241099098,25966
1716940800,68325.0,68843.3,67100.0,67575.4,1916.8414627000004,21965
1717027200,67575.4,69550.0,67099.9,68365.0,2098.1901120399534,25159
1717113600,68365.0,69000.0,66652.4,67498.1,1214.3175166399278,22910
1717200000,67498.1,67817.9,67383.3,67717.2,262.42915492000327,9996
1717286400,67717.2,68379.9,67283.0,67729.1,686.5283371599869,12673
1717372800,67729.2,70253.4,67636.9,68800.0,1647.2634647499622,25377
1717459200,68800.0,71050.0,68600.1,70558.6,2378.573126129998,26623
1717545600,70558.7,71709.0,70378.9,71103.6,2163.8074845099586,25310
1717632000,71116.3,71596.5,70100.0,70752.1,1460.0135218699368,19241
1717718400,70752.1,71900.0,68409.0,69317.0,2531.8726325001894,32830
1717804800,69317.1,69511.2,69138.0,69291.5,601.462206509987,12379
1717891200,69291.5,69809.8,69155.3,69649.9,421.248416939989,12724
1717977600,69649.9,70142.5,69186.7,69522.1,1227.000686619957,17436
1718064000,69522.2,69558.7,66059.3,67348.6,2498.481268289927,33800
1718150400,67348.6,69969.0,66923.0,68233.7,1900.5348975498928,29809
1718236800,68233.7,68412.0,66244.9,66756.5,1247.8511211699572,24196
1718323200,66756.4,67275.7,65075.0,65992.1,1703.77477407995,27955
1718409600,65992.1,66405.3,65794.7,66198.1,447.3179730599713,12834
1718496000,66198.1,66868.7,66020.0,66635.4,542.326703139986,10249
1718582400,66630.0,67267.0,65110.0,66487.6,1178.5580085599386,22430
1718668800,66487.7,66556.5,64050.0,65169.7,2452.721816769961,34259
1718755200,65169.7,65660.1,64700.0,64949.0,645.0305922199751,15441
1718841600,64949.1,66444.7,64550.0,64833.3,1301.8814404799728,19343
1718928000,64833.3,64999.9,63335.6,64087.9,1178.242862979948,22945
1719014400,64088.0,64442.5,63932.2,64253.0,355.67535868999585,9469
1719100800,64253.0,64496.6,63176.0,63176.1,554.1312158699898,12521
1719187200,63176.1,63277.8,58448.0,60297.0,3701.591882950219,46612
1719273600,60297.1,62364.8,60245.0,61794.0,1534.9014787499318,25162
1719360000,61794.1,62454.4,60689.9,60815.1,827.7687860199769,19898
1719446400,60815.2,62297.8,60580.7,61617.1,878.3154959299736,20197
1719532800,61617.1,62100.0,59942.7,60319.6,880.3567438299858,21465
1719619200,60319.6,61102.1,60307.7,60860.0,495.3247906499891,11596
1719705600,60860.0,62916.3,60660.7,62680.3,819.1713690000037,15253
1719792000,62680.4,63798.9,62489.9,62858.5,1408.6110717499753,23148
1719878400,62858.6,63168.6,61747.0,62019.9,924.0807344699664,20035
1719964800,62020.0,62178.9,59341.6,60146.6,1615.0574539399367,31614
1720051200,60146.6,60399.3,56777.0,57021.1,2727.520094540109,42227
1720137600,57031.4,57520.4,53563.3,56650.1,4102.760182810452,53763
1720224000,56650.1,58468.0,56028.6,58234.9,995.5922560299682,18053
1720310400,58234.9,58396.7,55727.7,55845.4,940.5744393399596,19203
1720396800,55845.4,58129.8,54301.3,56699.3,2283.5900987700734,31517
1720483200,56699.3,58245.2,56325.2,58001.6,1412.6426022199826,24721
1720569600,58001.6,59474.1,57154.1,57743.1,1511.285490229937,28726
1720656000,57742.1,59500.0,57075.5,57350.0,1532.4044622199606,25327
1720742400,57350.0,58494.9,56593.3,57911.4,1135.1383755399322,24512
1720828800,57911.5,59836.5,57784.1,59222.8,985.8867261599777,16359
1720915200,59222.8,61373.5,59222.8,60810.0,1537.7558592899632,22028
1721001600,60810.0,64900.0,60704.5,64764.2,2989.712510230028,38137
1721088000,64764.3,65416.3,62466.0,65088.7,3185.1620496299233,46923
1721174400,65077.1,66100.3,63853.1,64120.0,1952.5629657999525,30598
1721260800,64120.1,65097.1,63225.5,63960.7,1495.3984021299775,22956
1721347200,63960.7,67429.0,63350.0,66708.9,2068.8859769199144,33655
1721433600,66708.9,67612.9,66301.4,67166.1,878.5770321600099,21176
1721520000,67166.1,68313.0,65857.0,68137.1,1510.080052199938,26488
1721606400,68137.2,68531.4,66600.0,67595.1,1381.729714049944,30477
1721692800,67595.2,67761.1,65458.8,65900.8,2538.760022679944,33824
1721779200,65900.8,67098.3,65134.4,65367.0,1565.3759437299154,23358
1721865600,65360.4,66090.9,63427.5,65795.4,1783.9050065899362,29923
1721952000,65794.2,69000.0,65755.6,67914.7,2487.7896715799657,35371
1722038400,67914.7,69398.3,66624.3,67900.8,3068.2335737199815,41232
1722124800,67912.9,68282.0,67090.9,68250.0,995.0655112699864,17384
1722211200,68250.0,69985.0,66429.9,66755.3,2738.338940610049,44411
1722297600,66755.4,66973.7,65337.5,66175.1,1726.188204429948,27016
1722384000,66175.1,66799.9,64524.6,64638.1,1565.4857218399627,31057
1722470400,64638.1,65550.0,62250.0,65300.0,2421.3219821300054,41316
1722556800,65300.1,65500.0,61205.0,61409.9,2656.600317850122,39943
1722643200,61410.0,62126.7,59826.5,60688.5,2560.0199268701317,34330
1722729600,60688.6,61040.4,57176.3,58103.0,1993.417045359917,33118
1722816000,58103.1,58270.3,49111.0,54006.5,10612.005555256708,135740
1722902400,54012.4,57056.5,53978.6,56080.0,3145.82396579023,46055
1722988800,56080.0,57720.8,54556.5,55091.0,2780.7595065400124,42119
1723075200,55138.1,62700.0,54760.3,61704.7,3570.748546210155,47336
1723161600,61701.9,61732.2,59572.9,60859.9,3535.858783380246,35746
1723248000,60859.9,61444.6,60284.3,60951.7,745.153757449962,18724
1723334400,60951.8,61800.0,58329.9,58717.7,1657.296201499909,26464
1723420800,58717.7,60658.4,57690.0,59359.9,1772.4749744098303,35652
1723507200,59359.5,61555.0,58441.2,60600.0,2442.9919382500557,32890
1723593600,60600.1,61773.4,58500.0,58693.6,2297.2640623900957,28085
1723680000,58693.7,59885.4,56117.7,57554.9,2578.854598520084,31098
1723766400,57555.0,59800.0,57100.9,58898.4,1659.7983949099325,24337
1723852800,58895.6,59682.2,58812.4,59473.3,456.34171481999454,11820
1723939200,59473.4,60234.4,58451.6,58466.5,812.9593156599879,16003
1724025600,58466.5,59593.0,57860.8,59493.7,1313.0208044999538,22221
1724112000,59493.7,61391.9,58572.7,59023.3,2101.7637673599024,32159
1724198400,59023.3,61800.0,58844.0,61179.7,2153.311180190022,27946
1724284800,61179.8,61416.7,59805.7,60391.1,1586.1488861599244,24398
1724371200,60391.1,64950.9,60390.0,64087.4,3155.25945614026,37763
1724457600,64087.5,64481.2,63641.0,64176.0,953.2444931499496,19980
1724544000,64176.1,65070.7,63834.5,64288.1,707.0206749199696,17564
1724630400,64288.1,64455.5,62851.0,62854.7,1136.4063387899046,25632
1724716800,62851.1,63200.0,58009.6,59458.0,2317.8799106999904,35201
1724803200,59458.0,60216.2,57870.8,59025.6,1959.7591116898866,31780
1724889600,59025.6,61143.1,58717.4,59385.5,1464.0756539599552,24266
1724976000,59385.5,59899.0,57755.0,59105.0,1521.2761137499492,26903
1725062400,59110.0,59443.0,58736.9,58972.3,558.7610033799753,15276
1725148800,58972.3,59026.7,57210.0,57321.2,1772.0837606799241,25731
1725235200,57318.5,59388.0,57124.2,59128.6,1728.8002214999356,22894
1725321600,59128.7,59773.0,57406.4,57497.6,1444.7019587999198,25883
1725408000,57482.4,58508.0,55617.7,57970.0,2253.641249210208,37422
1725494400,57970.1,58285.9,55601.5,56163.9,2115.364091329882,33646
1725580800,56163.9,56964.1,52569.0,53948.3,3806.685844570471,55000
1725667200,53948.3,54810.2,53739.0,54146.4,1015.3674589899708,21584
1725753600,54146.5,55317.6,53636.6,54856.8,980.6407851199582,19909
1725840000,54856.9,58050.8,54580.3,57062.7,1806.650553509911,30804
1725926400,57062.7,58000.0,56440.2,57630.0,1234.541876379961,20562
1726012800,57630.0,57990.0,55548.1,57350.6,2108.129750229949,25601
1726099200,57350.7,58546.4,57339.0,58133.1,1392.839826149918,23323
1726185600,58133.4,60657.4,57658.3,60581.0,2992.830889730412,32440
1726272000,60581.1,60650.0,59478.3,60000.1,1011.9670056599479,18220
1726358400,60000.2,60350.0,58679.1,59135.1,911.811546639959,15589
1726444800,59135.1,59176.7,57488.7,58197.2,1394.860062719943,23357
1726531200,58197.3,61300.0,57619.9,60317.2,2381.817226310219,31003
1726617600,60317.1,61777.7,59164.6,61777.7,2374.428235920058,34518
1726704000,61777.7,63840.0,61599.2,62922.1,2674.767948100142,32072
1726790400,62922.2,64087.0,62373.3,63210.2,2234.548502940033,37364
1726876800,63210.3,63539.5,62801.0,63376.1,1769.2807300398758,25270
1726963200,63376.1,64000.0,62440.6,63615.2,2192.3536904300126,30771
1727049600,63615.2,64777.3,62643.0,63332.4,2429.203417090109,35701
1727136000,63332.4,64681.0,62739.4,64271.8,1731.1872035098424,31760
1727222400,64271.9,64770.0,62917.4,63139.2,1472.0301143399042,26683
1727308800,63139.2,65764.9,62673.3,65183.5,2376.4034561600843,33061
1727395200,65179.3,66452.8,64841.2,65788.9,1580.5205966299295,25987
1727481600,65788.8,66218.7,65475.7,65878.4,434.1770979599781,14053
1727568000,65862.7,66055.0,65474.4,65610.0,541.963376829974,13312
1727654400,65610.1,65610.1,62883.9,63338.5,1812.3580905199017,31199
1727740800,63325.0,64100.0,60203.4,60819.1,2632.623506340073,38700
1727827200,60819.1,62350.0,60000.0,60635.3,1636.6194871899022,27659
1727913600,60643.9,61467.5,59850.0,60739.6,1794.0517780499426,28987
1728000000,60739.7,62470.0,60451.6,62081.0,1614.928711049933,26302
1728086400,62081.0,62328.3,61700.0,62049.0,543.8720811999884,13125
1728172800,62048.5,62921.0,61824.9,62809.3,558.7242533899532,15811
1728259200,62809.4,64419.3,62150.8,62234.6,1753.1294605798614,32701
1728345600,62221.1,63180.2,61825.4,62117.9,1451.9705540699013,28769
1728432000,62120.6,62493.0,60300.0,60558.0,1425.1580217698963,28558
1728518400,60558.0,61237.4,58888.0,60279.5,1660.0454301799348,28717
1728604800,60275.9,63414.5,60063.4,62502.5,1956.7344115397113,38754
1728691200,62502.5,63445.0,62495.0,63184.0,687.2439731998214,27088
1728777600,63184.9,63273.0,62029.9,62834.9,808.1955430199588,15709
1728864000,62834.9,66400.0,62465.0,66025.5,2419.7486201700444,61236
1728950400,66025.6,67871.1,64686.1,67060.5,3990.0128636506042,49705
1729036800,67056.0,68328.6,66751.5,67589.9,1989.748477189912,33858
1729123200,67590.0,67899.9,66644.5,67407.8,1581.8031537698012,31915
1729209600,67407.8,68980.3,67189.9,68440.3,1519.447409469796,32011
1729296000,68440.2,68632.7,68062.2,68374.9,402.00012425997306,15819
1729382400,68375.0,69315.0,68129.4,69010.5,696.1232031898775,20673
1729468800,69010.5,69447.8,66838.6,67385.1,2249.692678370193,42900
1729555200,67385.1,67750.0,66564.4,67387.6,1332.1531831497105,33260
1729641600,67384.2,67407.5,65199.0,66633.4,1637.6738840598125,38619
1729728000,66630.5,68794.2,66452.2,68170.1,1711.0640706696993,37956
1729814400,68170.1,68699.0,65531.0,66606.8,1962.9008849996467,46344
1729900800,66606.8,67348.4,66364.0,67026.0,551.1168064999351,19066
1729987200,67026.1,68196.0,66850.4,67941.2,669.9305879698944,16686
1730073600,67941.3,70200.0,67535.0,69911.9,2663.6117252102426,41072
1730160000,69912.0,73574.9,69720.1,72661.0,3112.4818011813654,60478
1730246400,72661.0,72887.9,71400.0,72331.1,1750.9449698898036,41109
1730332800,72331.1,72662.0,69602.0,70250.1,1855.7291760797825,34927
1730419200,70250.1,71576.0,68810.0,69490.1,2425.4916887003133,42761
1730505600,69490.1,69858.8,69060.0,69300.0,803.138839729927,19256
1730592000,69300.9,69363.3,67483.7,68748.7,2115.2634892398164,35315
1730678400,68748.7,69430.6,66836.0,67783.3,1544.561232779899,30935
1730764800,67787.8,70482.0,67481.4,69382.7,2008.236272129918,30812
1730851200,69382.7,76457.6,69341.0,75642.0,8946.487328130675,69815
1730937600,75642.1,76937.5,74500.0,75949.2,3152.67539089052,41516
1731024000,75949.3,77242.0,75713.0,76550.4,2322.4218474900313,32788
1731110400,76550.5,76911.0,75785.2,76728.3,1025.992303749898,23283
1731196800,76728.3,81480.7,76569.9,80423.3,4998.426654241414,64789
1731283200,80423.3,89600.0,80299.9,88737.6,7092.857364541167,93436
1731369600,88737.5,89920.0,85136.0,88087.3,6817.995457661236,85465
1731456000,88087.3,93435.0,86258.0,90490.9,7626.545668030963,77561
1731542400,90496.8,91780.0,86621.9,87313.2,6252.086977420731,61715
1731628800,87314.4,91850.0,87135.0,91062.0,3879.4714616601555,48562
1731715200,91062.0,91750.0,90149.0,90555.1,1466.3228108798028,32817
1731801600,90567.7,91399.0,88728.6,89850.0,1823.6390797899173,31062
1731888000,89850.0,92607.2,89400.0,90507.9,3681.749544800292,49941
1731974400,90508.0,94000.0,90424.6,92376.1,4118.9449154803815,53877
1732060800,92376.1,94925.0,91636.1,94364.5,3479.27477537031,55062
1732147200,94356.8,98999.0,94135.0,98496.0,4985.849082940594,79873
1732233600,98496.0,99650.0,97218.3,99000.0,3342.092826480346,62203
1732320000,99000.0,99000.0,97219.2,97759.1,1822.8499516200768,44494
1732406400,97759.1,98607.4,95751.2,97994.1,1713.9001957199762,42023
1732492800,97994.1,98880.0,92550.0,93000.0,4287.353221250116,55562
1732579200,93000.1,94995.0,90736.0,91914.5,3988.7096817702295,53132
1732665600,91914.6,97387.9,91818.3,95952.9,3676.003903620273,45972
1732752000,95946.8,96652.0,94653.6,95637.8,1141.1591458798866,29180
1732838400,95637.8,98670.1,95385.7,97478.7,2810.050765820178,39756
1732924800,97478.7,97491.2,96185.0,96456.2,724.351025999956,25479
1733011200,96456.3,97850.0,95754.4,97244.6,790.5708538299702,23454
1733097600,97245.0,98135.3,94450.0,95853.3,2076.039302340288,45724
1733184000,95853.3,96267.2,93565.1,95917.5,1750.1270324202612,45943
1733270400,95917.5,99213.9,94656.9,98757.1,4007.409459350593,61942
1733356800,98757.1,104015.5,91800.0,97087.3,8398.160659692168,124693
1733443200,97087.3,101995.0,96510.3,99872.9,2727.1551403705807,51565
1733529600,99873.0,100501.4,99000.0,99899.9,829.8817454199121,29512
1733616000,99900.0,101400.0,98699.7,101170.0,1101.241400849926,30667
1733702400,101170.0,101214.3,94140.9,97399.9,2874.856660970397,66973
1733788800,97337.0,98267.9,94314.1,96655.1,2459.102482530363,54424
1733875200,96655.1,101900.0,95754.0,101177.0,2523.3970211803894,49508
1733961600,101177.1,102500.0,99296.6,100050.1,1955.4380840801882,48609
1734048000,100050.1,101905.2,99250.0,101483.1,1358.1245142201094,36197
1734134400,101483.1,102637.2,100666.0,101400.1,926.6365490699103,27948
1734220800,101400.1,105000.0,101222.5,104355.2,2036.395175240301,36649
1734307200,104355.3,107777.0,103319.4,106067.2,4525.548787440823,69654
1734393600,106070.2,108297.6,105124.0,106151.9,4684.889583750477,51877
1734480000,106152.0,106489.3,100027.8,100166.1,3014.7930389403436,56882
1734566400,100166.1,102750.0,95586.4,97431.4,3582.993384330432,76206
1734652800,97431.5,98064.7,92159.0,97781.8,3145.577624050037,61835
1734739200,97781.8,99575.4,96359.8,97232.6,1158.0635957399854,35915
1734825600,97232.7,97321.3,94201.1,95101.9,843.506407379955,26527
1734912000,95101.9,96403.0,92417.0,94699.4,1608.1329253602844,44002
1734998400,94699.4,99400.0,93500.0,98647.2,1533.7998223501484,39941
1735084800,98647.2,99411.6,97600.0,99310.8,681.6104711198471,30576
1735171200,99328.2,99821.8,95139.1,95645.0,1286.6304541201753,35677
1735257600,95660.9,97308.6,93300.0,94148.9,1781.178174660375,45144
1735344000,94147.6,95497.0,94033.5,95204.1,447.8719512299552,21419
1735430400,95204.1,95204.1,92860.7,93551.0,698.5471267399624,22934
1735516800,93551.0,94858.7,91256.6,92611.3,2168.2917281902382,42406
1735603200,92611.3,96040.0,91934.1,93370.9,1697.9504141300679,34489
1735689600,93370.8,94888.0,92588.1,94380.8,576.1622188099278,25886
1735776000,94380.9,97719.9,94167.2,96805.2,1727.8783450401927,40932
1735862400,96805.3,98888.0,96034.1,98111.1,1520.228296240113,32349
1735948800,98111.1,98714.8,97548.4,98208.9,630.752662269938,23359
1736035200,98208.9,98750.0,97250.0,98306.2,437.3043417299797,18687
1736121600,98306.3,102479.6,97974.0,102222.0,2276.110659770353,50951
1736208000,102222.0,102759.3,96100.0,96932.2,2322.8712278900257,46693
1736294400,96932.2,97232.8,92501.0,95060.4,2675.626976080251,54862
1736380800,95060.1,95251.1,91168.5,92531.7,2567.9219499299734,46660
1736467200,92523.5,95771.2,92200.0,94698.8,2409.344824210436,48670
1736553600,94698.9,94986.6,93865.0,94562.1,315.4236361400049,18922
1736640000,94562.1,95300.0,93652.2,94449.9,432.7113657999885,22557
1736726400,94450.0,95808.2,89005.8,94487.1,3303.025667840601,69218
1736812800,94487.1,97302.9,94313.0,96560.1,1407.2600035900496,43145
1736899200,96560.1,100731.7,96500.0,100496.4,2160.290100150174,46331
1736985600,100496.5,100700.0,97333.0,99976.7,1764.6846363601262,40996
1737072000,99976.7,105883.0,99952.8,104089.8,3507.928837520754,60471
1737158400,104089.8,104907.3,102222.0,104382.0,1776.2533365300649,36012
1737244800,104382.0,106246.6,99538.2,101191.1,4231.212139170543,73121
1737331200,101191.0,109112.0,99500.0,102162.8,6144.710113872025,104134
1737417600,102142.1,107200.0,100114.2,106162.8,2766.1786797502505,57011
1737504000,106162.8,106293.4,103271.3,103648.5,1391.42072628994,36254
1737590400,103648.6,106833.2,101281.7,103920.2,4692.19078465009,64479
1737676800,103920.2,107080.6,102800.0,104840.4,1795.7225361899925,36250
1737763200,104840.4,105194.1,104250.0,104705.2,643.545404189982,19139
1737849600,104705.3,105380.0,102544.1,102596.5,949.0648100999773,22008
1737936000,102596.5,103200.0,97688.7,102133.3,3883.4304828405584,68012
1738022400,102133.3,103728.0,100200.0,101299.8,1817.0663299999417,35792
1738108800,101299.9,104749.1,101277.6,103708.0,2068.76411451995,35819
1738195200,103708.1,106414.4,103252.5,104750.1,2010.2397362399424,32805
1738281600,104750.1,106000.0,101500.0,102406.0,1755.919460539911,36579
1738368000,102406.0,102748.6,100147.0,100624.2,1188.3889117999922,25176
1738454400,100624.3,101415.5,96100.0,97696.1,2816.312599530064,48029
1738540800,97696.0,102500.0,91000.0,101425.1,5541.679408059924,90351
1738627200,101425.1,101721.9,96250.0,97868.5,3162.385908310058,45835
1738713600,97868.4,99125.0,96191.0,96623.8,1343.734653519993,24709
1738800000,96613.4,99100.0,95700.0,96559.2,2017.206898340015,26468
1738886400,96558.5,100181.7,95634.1,96547.5,1926.568341750477,43481
1738972800,96547.5,96860.1,95656.9,96496.5,383.81280042998736,16339
1739059200,96496.5,97291.2,94763.1,96473.0,702.7439114199694,20517
1739145600,96473.0,98300.0,95326.7,97441.2,1163.372162149941,21718
1739232000,97441.2,98442.3,94899.2,95767.1,1329.4010633799332,28438
1739318400,95767.1,98042.8,94111.0,97874.0,1463.181829949979,29336
1739404800,97874.0,98077.1,95273.7,96628.0,1291.4484116399728,21526
1739491200,96628.0,98826.0,96340.7,97464.0,1523.9169641499327,28343
1739577600,97464.0,97902.0,97279.3,97588.2,375.80330876999477,14594
1739664000,97588.2,97700.0,96112.6,96144.1,311.4649045799999,14039
1739750400,96144.1,97032.6,95224.7,95772.8,1005.2848636599749,20654
1739836800,95772.8,96650.9,93388.7,95600.0,1472.4190812499724,33221
1739923200,95600.0,96875.0,94996.8,96625.7,1116.7016631099646,26149
1740009600,96625.7,98744.0,96405.7,98339.1,1280.0259370899958,28613
1740096000,98339.1,99481.1,94858.0,96099.5,2181.1850502199504,37938
1740182400,96099.5,96900.0,95791.3,96600.1,484.13874674999846,14465
1740268800,96600.1,96621.6,95300.0,96303.4,359.68758803999333,13477
1740355200,96303.4,96483.0,91400.0,91534.4,2273.508326880068,43024
1740441600,91534.4,92487.3,86000.0,88632.6,5210.263096160429,84846
1740528000,88632.6,89271.0,80525.0,84089.8,5878.701031570236,77746
1740614400,84089.9,86951.2,82611.0,84691.4,2506.417960580137,46638
1740700800,84668.4,85061.0,78219.0,84309.2,4498.77887051062,77842
1740787200,84309.2,86515.9,83799.3,86020.8,1112.340472769943,25856
1740873600,86020.8,95000.0,84500.1,94285.0,5152.535894300949,62645
1740960000,94285.0,94401.6,85055.0,86144.7,5136.2793639905685,63117
1741046400,86144.7,88888.0,81434.5,87250.0,4690.090955060694,61737
1741132800,87250.0,90975.1,86378.4,90610.4,3795.411900160402,49992
1741219200,90610.4,92741.5,87836.3,89916.8,2992.5639579702165,44486
1741305600,89925.3,91227.4,84665.7,86762.3,4534.100863040168,56830
1741392000,86762.3,86809.4,85230.0,86164.1,816.5131031599734,20983
1741478400,86164.1,86435.2,80006.7,80684.0,2019.6380449599296,39533
1741564800,80709.9,83971.5,77414.3,78558.8,3411.344132400585,64265
1741651200,78558.9,83607.9,76615.7,82900.0,3925.0414401405906,52739
1741737600,82900.0,84482.0,80628.9,83673.4,2515.7650218302024,36613
1741824000,83673.4,84282.4,79930.7,81112.3,1998.7093058099656,31403
1741910400,81112.3,85278.7,80847.2,83997.6,2075.862731469965,31189
1741996800,83997.7,84659.4,83666.9,84332.9,584.7683810099838,16525
1742083200,84333.0,85021.0,82009.8,82599.9,842.2798025599498,23323
1742169600,82600.0,84700.0,82500.0,84015.2,1262.1611230299395,22150
1742256000,84015.2,84015.2,81166.0,82705.4,1526.0327074699371,25866
1742342400,82705.4,87000.0,82553.3,86879.5,2673.4653675703007,31949
1742428800,86879.6,87433.9,83609.1,84178.6,2156.7205832900145,30576
1742515200,84178.6,84771.3,83179.3,84034.3,1018.6995828399411,21597
1742601600,84034.3,84450.0,83667.4,83800.0,440.24781186999985,13004
1742688000,83800.0,86100.0,83799.9,86076.5,588.4249811599768,14834
1742774400,86076.5,88750.0,85558.1,87505.3,2187.053541239921,31475
1742860800,87511.9,88500.0,86306.7,87458.1,1275.8171367799293,23990
1742947200,87458.1,88263.0,85853.7,86899.0,1808.2048196299004,27058
1743033600,86899.0,87755.8,85838.9,87209.9,1018.9840790199369,22803
1743120000,87209.9,87441.7,83530.1,84373.9,2052.983772729998,33755
1743206400,84373.9,84559.8,81655.0,82613.8,1157.0842617399003,25276
1743292800,82613.8,83500.0,81588.7,82325.4,916.3740389498926,21788
1743379200,82325.4,83870.8,81270.3,82523.0,1694.6866733299833,34525
1743465600,82523.0,85500.0,82415.9,85201.1,1757.7232998299708,32168
1743552000,85201.2,89042.7,82141.5,82508.1,3582.6128557900843,60894
1743638400,82508.1,83911.0,81177.7,83132.9,1942.4638485699668,43968
1743724800,83133.0,84709.7,81657.9,83840.8,1986.9931427699978,51567
1743811200,83840.8,84200.0,82400.0,83508.9,660.178400439982,17803
1743897600,83508.9,83680.0,77057.7,78363.4,3692.9763539201995,55566
1743984000,78364.8,81323.6,74409.1,79130.1,5198.347118591822,108467
1744070400,79130.1,80800.0,76164.6,76276.5,2455.535452480193,54687
1744156800,76276.5,83548.9,74572.5,82556.3,5271.688679730599,81398
1744243200,82556.3,82676.5,78451.2,79552.1,2270.0989366800727,43657
1744329600,79552.1,84261.7,78914.7,83420.1,3024.32123334031,44081
1744416000,83420.1,85850.9,82750.0,85284.1,1932.9926770499978,27815
1744502400,85284.1,86037.9,83025.5,83719.0,1742.3412711999608,31815
1744588800,83719.8,85792.1,83708.2,84530.7,2420.340753250086,33858
1744675200,84530.7,86401.0,83600.0,83633.5,1433.044659999938,30919
1744761600,83633.5,85419.7,83146.0,84023.8,1861.9303747499332,34648
1744848000,84027.5,85444.0,83777.2,84910.1,931.3973403199516,25008
1744934400,84910.1,85087.9,84295.4,84472.5,450.6547214599814,17835
1745020800,84472.5,85611.7,84384.6,85121.3,405.53513244998794,17697
1745107200,85121.3,85309.2,84007.4,85150.1,517.7266829099962,15671
1745193600,85150.0,88490.0,85150.0,87500.6,1901.2749001799789,35012
1745280000,87500.7,93888.0,87100.0,93472.0,2972.048260050254,55130
1745366400,93472.0,94635.1,91949.5,93677.0,2009.6032206799255,48047
1745452800,93677.0,94000.0,91711.0,93999.9,1079.2473406499812,28565
1745539200,94000.0,95837.7,92900.0,94717.1,2253.1937040605785,39718
1745625600,94717.2,95189.5,93907.5,94663.5,499.1100355499877,22248
1745712000,94663.5,95348.5,93621.5,93817.0,532.0091301899829,17412
1745798400,93817.0,95600.0,92900.0,94998.1,1257.5530088199632,32846
1745884800,94998.1,95469.2,93809.5,94269.6,1566.1054820499717,28586
1745971200,94269.7,95195.0,92970.5,94205.4,1082.844422649962,32434
1746057600,94205.4,97407.8,94148.3,96469.9,1646.0266460499556,33027
1746144000,96469.9,97885.0,96386.7,96920.7,1190.7479992399713,29094
1746230400,96920.7,96922.3,95785.9,95869.9,632.7589180499886,20316
1746316800,95869.9,96298.0,94153.2,94303.1,754.036361569979,20904
1746403200,94303.1,95173.9,93570.1,94727.0,1059.2853479299613,28463
1746489600,94727.0,96877.8,93398.5,96816.7,1231.5670019699726,27555
1746576000,96816.7,97650.0,95824.0,97031.4,1362.5559612199877,32050
1746662400,97031.4,104082.5,96874.9,103228.0,2992.17010376028,52489
1746748800,103228.0,104319.1,102344.7,102976.9,1329.7183993599156,33114
1746835200,102977.0,104943.7,102833.3,104800.0,696.0330913599528,23133
1746921600,104799.9,104919.7,103326.8,104119.0,779.5138444399649,23208
1747008000,104119.0,105728.8,100772.6,102825.0,1868.9367843299958,44929
1747094400,102825.1,104980.0,101525.1,104156.7,1104.391231179945,33512
1747180800,104156.8,104280.1,102591.5,103589.7,1023.7377503399341,26016
1747267200,103589.7,104123.0,101441.6,103761.7,982.207025249941,32884
1747353600,103761.7,104500.0,103130.0,103500.1,933.9618068799496,22845
1747440000,103500.1,103697.1,102690.0,103169.1,407.46473367998004,17841
1747526400,103169.1,106631.8,103148.2,106525.6,1948.9635635999834,27890
1747612800,106525.6,107042.1,102100.0,105637.7,2055.767792139968,35834
1747699200,105637.7,107262.6,104269.0,106855.6,1713.7305586700065,30638
1747785600,106855.6,110698.0,106155.0,109675.1,3333.805720630394,57004
1747872000,109675.1,111983.2,109287.2,111711.1,2139.001572590028,42994
1747958400,111711.1,111785.3,106824.0,107333.5,2574.5839904802274,45888
1748044800,107333.5,109503.4,106905.8,107824.2,519.3165345399568,23116
1748131200,107824.2,109300.5,106672.9,109040.4,625.5245776699611,23777
1748217600,109040.4,110352.0,108780.0,109468.6,988.8666638699704,23186
1748304000,109468.6,110742.6,107600.0,109004.9,1023.0844676599486,27976
1748390400,109004.9,109250.0,106805.1,107811.7,958.8878971799737,25679
1748476800,107811.7,108888.0,105348.4,105632.4,1219.0452312399734,32855
1748563200,105632.5,106333.8,103641.3,104019.7,1368.3516292699524,36409
1748649600,104019.7,104933.2,103169.0,104662.0,513.9070108799742,22339
1748736000,104662.0,105879.7,103850.0,105712.4,576.9121747699785,18375
1748822400,105712.4,105927.2,103737.7,105920.3,948.9600661699687,25005
1748908800,105920.4,106820.0,104984.1,105446.0,774.5163979599783,23379
1748995200,105446.0,106000.0,104279.0,104745.4,613.150794499997,20721
1749081600,104745.4,105948.1,100400.0,101579.7,1744.4000448000234,39399
1749168000,101579.7,105360.1,101211.5,104376.0,877.2125964899586,30933
1749254400,104376.0,105929.0,104000.1,105654.5,492.00974468998214,17352
1749340800,105654.6,106477.0,105082.3,105754.2,568.5078106499957,16520
1749427200,105754.2,110550.0,105392.3,110280.0,1264.784167549983,34364
1749513600,110280.0,110373.0,108342.2,110273.6,1180.0677283699847,34244
1749600000,110273.6,110411.0,108139.5,108702.0,810.0719159799665,31080
1749686400,108701.9,108790.2,105760.0,105760.1,1512.1450492699569,31559
1749772800,105760.1,106137.5,102812.3,106122.3,2109.1203249499868,45219
1749859200,106122.3,106172.3,104400.0,105479.4,392.6829107299925,15535
1749945600,105479.4,106090.0,104529.0,105581.4,334.89355424999707,16175
1750032000,105581.5,108924.6,105019.3,106800.1,1209.961859899974,28439
1750118400,106800.1,107725.1,103400.0,104622.4,1348.2420470799482,34408
1750204800,104622.5,105529.9,103567.6,104892.0,808.409842679964,29962
1750291200,104891.9,105226.5,103931.6,104675.2,1124.903995469953,19859
1750377600,104675.2,106470.0,102388.9,103292.0,1051.8479484499685,31462
1750464000,103300.0,103995.5,100933.5,102144.0,938.9140813299713,24154
1750550400,102153.0,103380.5,98277.2,100987.9,2331.2950748500525,49313
1750636800,100987.9,106022.4,99700.0,105382.0,2634.9471882200937,44740
1750723200,105382.1,106309.1,104777.0,106100.0,1570.510992539969,34329
1750809600,106100.0,108165.5,105888.2,107360.0,1754.36948812999,29218
1750896000,107360.0,108289.0,106677.4,106945.0,853.718006789962,25837
1750982400,106945.1,107712.1,106477.2,107115.4,641.6353967899813,23816
1751068800,107115.4,107544.2,106918.4,107325.1,426.1341763399918,14416
1751155200,107325.1,108460.7,107228.2,108387.2,500.3091066199762,18794
1751241600,108387.3,108792.0,106800.0,107120.3,1284.9032777799678,28289
1751328000,107120.3,107540.2,105312.0,105700.1,1563.008694219963,32566
1751414400,105700.1,109794.7,105116.4,108846.9,1536.0693074703222,37180
1751500800,108846.9,110547.2,108600.0,109631.0,1217.2071372199414,33634
1751587200,109631.0,109746.6,107299.9,108018.9,767.0000007799478,30504
1751673600,108018.9,108379.0,107829.7,108249.5,162.62986088000673,15788
1751760000,108249.5,109650.0,107825.2,109223.2,429.83917536998825,18738
1751846400,109223.2,109700.0,107520.3,108282.1,700.4931968899684,25284
1751932800,108282.1,109199.3,107500.0,108931.9,644.7800306199629,26005
1752019200,108932.0,112000.0,108375.3,111323.7,1496.2269280199487,35426
1752105600,111323.7,116800.0,110600.0,115990.2,2132.2188503000166,49731
1752192000,115990.2,118818.4,115212.5,117532.6,1812.5078784199916,54355
1752278400,117532.6,118235.6,116977.1,117461.0,511.2158226199901,22884
1752364800,117461.0,119499.0,117277.3,119102.1,881.1515530099598,27528
1752451200,119102.2,123140.0,118961.2,119855.0,2308.79159766,58297
1752537600,119855.0,119900.0,115712.2,117741.0,2166.6867469999615,54750
1752624000,117741.0,120049.5,117094.0,118712.6,1159.5758763599615,41246
1752710400,118712.6,120999.6,117527.0,119321.0,1135.0165431099456,41635
1752796800,119321.0,120833.7,116929.6,118011.9,1203.9874589899373,47701
1752883200,118011.9,118550.0,117382.5,117909.1,310.776548650003,22654
1752969600,117909.1,118867.0,116600.0,117319.1,583.1943929999749,28139
1753056000,117319.0,119630.4,116623.7,117461.0,1065.2231570399288,38151
1753142400,117461.0,120237.5,116260.0,119977.5,1256.6108902499489,36977
1753228800,119977.5,120100.0,117411.0,118735.3,1088.8968708299806,35883
1753315200,118735.3,119489.8,117316.0,118386.9,946.996172319938,30740
1753401600,118387.5,118452.0,114733.1,117628.1,1610.0949695898512,55911
1753488000,117628.1,118276.6,117197.6,117937.5,458.69314605999364,19558
1753574400,117937.6,119793.4,117863.8,119455.0,543.2279233899966,21777
1753660800,119455.1,119779.9,117425.9,117979.7,842.4858920699522,30618
1753747200,117979.7,119200.0,117000.0,117923.0,892.9516110999493,30776
1753833600,117916.9,118749.4,115800.0,117820.7,1013.2469684599462,34622
1753920000,117820.7,118918.9,115500.0,115762.3,1086.5587164899312,36555
1754006400,115762.4,116000.0,112688.1,113290.2,1962.106785999901,67648
1754092800,113290.1,114008.2,112000.0,112525.2,897.3715283899646,32176
1754179200,112525.2,114742.9,111897.1,114224.1,584.595057219971,23993
1754265600,114224.1,115700.0,114137.1,115092.1,916.3558020299728,30583
1754352000,115092.1,115092.1,112629.7,114115.0,839.8400220399877,30838
1754438400,114115.0,115713.6,113400.0,115010.0,745.2260298199789,23867
1754524800,115010.0,117643.3,114280.0,117498.1,968.9665958199597,31279
1754611200,117498.1,117663.0,115946.0,116676.0,639.050957429962,34626
1754697600,116676.0,117869.4,116282.1,116467.4,698.463573479979,24014
1754784000,116467.4,119288.4,116467.3,119288.4,1143.0381264399525,26695
1754870400,119288.4,122273.5,118100.0,118724.5,2083.4471410498986,48486
1754956800,118724.5,120303.2,118255.0,120172.0,1114.8754835799466,32273
1755043200,120172.1,123724.7,118918.3,123354.3,2664.423570410127,48756
1755129600,123354.3,124420.0,117250.0,118383.1,3457.5910241801703,57912
1755216000,118383.1,119312.7,116560.9,117426.7,1280.9893719599183,35538
1755302400,117426.7,117947.4,117284.0,117487.5,325.5258950800044,21263
1755388800,117487.5,118550.2,117295.3,117441.3,441.38200243999427,24736
1755475200,117441.3,117593.3,114715.9,116260.0,1270.6803919699134,45017
1755561600,116259.9,116766.0,112750.0,112830.3,1574.0233520799495,41393
1755648000,112830.4,114612.1,112400.0,114262.7,1251.4275334399952,33417
1755734400,114273.8,114738.6,112036.0,112462.5,767.1380909599582,29275
1755820800,112475.0,117354.0,111676.0,116817.9,1700.5859955299654,45164
1755907200,116817.9,116975.0,114551.1,115344.1,684.7432078299785,22197
1755993600,115344.1,115530.9,110692.2,113456.1,1245.1292590299768,35433
1756080000,113456.1,113619.8,109304.8,110144.9,2518.4843813300567,51073
1756166400,110145.0,112395.6,108734.6,111829.3,1340.0942541899033,41684
1756252800,111829.3,112603.4,110434.3,111268.6,1107.0760203599389,32837
1756339200,111268.6,113457.9,110902.6,112563.7,1322.3566503099617,28145
1756425600,112563.7,112570.0,107505.0,108400.1,1709.813216429807,53833
1756512000,108400.1,108926.8,107352.6,108750.0,819.5747823899386,24357
1756598400,108750.0,109490.8,108113.5,108250.0,668.7162112599509,23625
1756684800,108250.1,109813.2,107255.0,109263.5,1327.31244840993,36902
1756771200,109258.5,111737.8,108457.0,111196.9,1796.7387150599523,34847
1756857600,111196.9,112537.6,110600.0,111771.1,1459.8390121299342,30457
1756944000,111771.1,112193.7,109369.8,110744.3,1058.2693808899649,29104
1757030400,110744.4,113372.1,110231.4,110647.8,1534.2859262099314,44528
1757116800,110647.8,111243.0,110036.7,110254.9,278.567386000006,19873
1757203200,110254.9,111526.8,110239.0,111152.8,343.9463709800043,20132
1757289600,111152.8,112864.4,110667.7,112050.1,896.7472281099272,31097
1757376000,112050.1,113200.0,110815.3,111541.0,1503.0847729699562,37596
1757462400,111541.0,114300.0,110934.0,113952.8,2308.6006698098113,39925
1757548800,113952.8,115500.0,113400.0,115500.0,1616.9992396299579,37146
1757635200,115500.0,116743.3,114813.3,116111.7,1729.6349790699028,44075
1757721600,116111.7,116350.8,115251.1,115949.1,764.357192459972,26555
1757808000,115949.1,116149.9,115238.9,115390.6,527.9675874899942,24762
1757894400,115390.6,116700.0,114158.2,115374.9,1347.051581339927,35356
1757980800,115375.0,116961.3,114800.0,116764.2,1041.155561809971,43550
1758067200,116764.2,117291.9,114799.9,116469.0,1663.5969961099618,41558
1758153600,116469.1,117920.0,116201.1,117135.7,1527.8192821099651,41956
1758240000,117135.8,117441.2,115180.4,115677.2,731.0220762999481,32159
1758326400,115677.2,116176.8,115511.0,115739.1,198.7371302300066,24027
1758412800,115739.1,115874.6,115259.4,115298.9,339.56591394000407,19622
1758499200,115299.0,115410.0,111730.3,112747.8,1845.8941638999306,43901
1758585600,112747.8,113318.9,111557.0,112001.5,1221.7475845499173,31305
1758672000,112001.5,113954.3,111111.0,113300.0,1184.7203653999395,27600
1758758400,113300.0,113500.0,108680.5,109049.8,2101.9386005499146,44926
1758844800,109049.8,110354.8,108677.5,109706.3,1454.3648303699438,37281
1758931200,109706.4,109760.5,109177.6,109720.5,210.26162005000714,17630
1759017600,109720.5,112367.8,109225.4,112127.8,610.6503638899906,23820
1759104000,112127.8,114413.4,111628.0,114365.2,994.1219493399393,32044
1759190400,114365.3,114798.0,112764.3,113995.0,1135.4462722199632,29719
1759276800,113995.0,118708.6,113971.1,118599.9,1533.2174073599742,42089
1759363200,118600.0,121008.9,118344.4,120649.9,1979.7734195999276,43463
1759449600,120650.0,123930.9,119350.0,122259.5,2007.828214779957,48734
1759536000,122259.5,122843.7,121620.0,122426.4,641.282811739943,25563
1759622400,122426.4,125670.0,122250.0,123542.1,1545.1880184799113,41840
1759708800,123542.1,126198.1,123144.1,124766.5,2341.319106030045,50258
1759795200,124765.9,125207.2,120694.6,121419.8,2070.4548733099477,59378
1759881600,121419.8,124150.0,121104.2,123329.7,1020.4160329399639,41382
1759968000,123329.8,123750.9,119750.0,121699.0,1924.8963784600267,51169
1760054400,121699.0,122498.0,100000.0,113000.1,5796.163184690485,147239
1760140800,113000.0,113423.0,109760.0,110775.1,2186.2131018399486,70277
1760227200,110775.2,115780.0,109694.9,115125.3,1868.034469249704,57078
1760313600,115125.3,115977.7,113705.8,115165.5,1579.5236695499598,48835
1760400000,115176.9,115457.2,110000.0,113106.2,2781.927758190116,59318
1760486400,113106.3,113600.0,110252.0,110781.9,1561.981702429927,49217
1760572800,110781.9,111950.0,107483.0,108182.3,2981.4276122901433,64701
1760659200,108182.3,109245.0,103583.2,106451.0,3500.6535516904437,84562
1760745600,106451.0,107492.6,106365.2,107199.0,667.2137169699558,28629
1760832000,107199.0,109444.0,106125.2,108669.8,1094.2479723192155,62853
1760918400,108669.8,111700.1,107466.8,110574.4,2444.9360914200224,49897
1761004800,110574.4,114000.0,107500.0,108406.1,2574.394838829294,91402
1761091200,108406.1,109156.4,106717.0,107644.1,2289.043049720047,54932
1761177600,107644.1,111296.0,107556.3,110080.0,1567.7040596299578,39410
1761264000,110080.0,112400.0,109757.8,111000.0,1671.4052200599435,41259
1761350400,111000.0,111925.9,110700.0,111645.2,592.6092274399734,25538
1761436800,111645.2,115400.0,111274.3,114509.9,1123.1981373599422,31927
1761523200,114510.0,116309.8,113801.4,114153.0,1240.0226507399104,34746
1761609600,114153.1,116023.4,112278.2,112918.0,1429.3714867699846,37581
1761696000,112918.0,113601.0,109251.0,110104.2,2290.1483964600166,45532
1761782400,110104.2,111561.5,106280.5,108302.7,2746.3601654702766,63032
1761868800,108302.7,111000.0,108302.6,109552.7,1397.8567408099232,44064
1761955200,109552.7,110421.0,109370.0,110018.0,493.03956937000197,16773
1762041600,110018.0,111058.9,109428.7,110589.6,1606.3448956299717,27557
1762128000,110589.6,110699.6,105200.2,106538.3,3041.4943253302945,63833
1762214400,106538.3,107258.7,98900.0,101537.3,4042.6787233607533,107509
1762300800,101537.2,104499.9,98943.9,103900.0,2345.090750620035,57097
1762387200,103900.0,104115.9,100266.0,101290.1,1620.6707044298832,51975
1762473600,101290.1,103995.0,99222.0,103279.9,4524.1603107704295,84042
1762560000,103279.9,103320.0,101489.9,102282.1,689.5326862999552,28780
1762646400,102282.1,105431.9,101430.0,104729.8,1150.9092705799549,34551
1762732800,104729.9,106593.5,104300.0,105973.3,1420.2842724298716,43168
1762819200,105973.3,107400.0,102469.8,103011.5,1263.8899994799617,39519
1762905600,103011.5,105274.0,100796.0,101666.6,1526.2190610499688,42892
1762992000,101666.7,103999.0,98000.0,99680.1,2416.148657600129,71617
1763078400,99680.1,99806.9,94000.0,94517.3,3754.7643923006253,93685
1763164800,94500.1,96700.0,94478.5,95537.9,1370.4819352199859,34520
1763251200,95538.0,96498.8,92890.6,94190.1,1369.0283658799756,45704
1763337600,94190.1,95888.0,91150.0,92101.3,3115.709110200245,61320
1763424000,92101.3,93747.3,89251.9,92966.1,2990.398207270353,64917
1763510400,92966.1,92966.1,88547.0,91427.7,3784.022815060294,61358
1763596800,91427.7,93003.7,86000.0,86503.0,5152.09873658057,70290
1763683200,86503.0,87331.7,80595.2,85069.4,6608.849740641052,97219
1763769600,85069.4,85555.0,83432.8,84679.9,1599.92840458001,34886
1763856000,84679.9,88061.8,84679.8,86777.4,2076.346143040027,40458
1763942400,86777.5,89200.0,85250.0,88275.0,2265.948133529774,50798
1764028800,88275.0,88432.1,86100.0,87326.3,1646.4257774599828,46324
1764115200,87326.4,90600.0,86299.5,90535.7,2015.4985653298836,53655
1764201600,90535.7,91878.9,90088.8,91281.4,1551.6905070098303,42954
1764288000,91281.4,93050.0,90250.0,90912.7,1616.6978082301418,46210
1764374400,90912.7,91179.5,90247.4,90833.6,377.98142984000833,24355
1764460800,90833.6,91928.1,90351.0,90373.9,546.4840217300231,26223
1764547200,90373.9,90378.7,83870.8,86300.0,3761.141548860009,73049
1764633600,86300.0,92308.4,86203.8,91313.5,2388.5209900601876,55570
1764720000,91313.5,94051.6,91033.4,93457.9,2163.3792992799777,63646
1764806400,93458.0,94000.0,90924.8,92142.6,1479.641823529825,48176
1764892800,92142.6,92679.3,88095.2,89332.4,1629.5451677699327,45614
1764979200,89332.4,90274.4,88999.9,89240.1,536.1612963999464,24750
1765065600,89240.1,91713.7,87777.0,90435.1,894.0639149099869,33275
1765152000,90435.1,92269.6,89615.8,90650.1,1726.4129291199292,42989
1765238400,90650.1,94583.7,89545.1,92702.2,2110.9408766300194,49865
1765324800,92702.2,94489.0,91599.0,92019.8,2098.016946679847,52909
1765411200,92019.8,93561.8,89281.4,92541.0,2303.45862775009,64612
1765497600,92541.0,92751.0,89500.0,90277.2,1638.1252498597623,55481
1765584000,90277.2,90629.9,89797.1,90254.1,397.3306055699805,25335
1765670400,90254.2,90467.7,87582.5,88163.0,1251.1802392598563,42891
1765756800,88163.0,90038.8,85151.5,86434.3,2526.0594853005705,79915
1765843200,86434.3,88121.3,85263.6,87840.7,2424.789110400237,64059
1765929600,87840.7,90318.3,85282.2,86207.8,3098.54777664098,74074
1766016000,86205.5,89437.1,84421.4,85462.5,3072.287698200555,83736
1766102400,85461.0,89335.0,85077.0,88105.2,2580.2278777303186,72330
1766188800,88105.2,88513.3,87800.0,88338.1,589.8932607299723,27207
1766275200,88338.1,89013.9,87601.8,88622.2,783.035839749863,34510
1766361600,88623.7,90552.6,87863.6,88544.2,2230.946989419833,71053
1766448000,88550.5,88888.8,86553.3,87416.4,1607.2916367397104,54950
1766534400,87416.4,87973.3,86271.4,87613.7,1468.6688814598283,42582
1766620800,87613.7,88547.9,86944.9,87198.0,574.2849267599494,28085
1766707200,87183.0,89484.6,86611.7,87303.6,1634.0214446597233,52356
1766793600,87303.6,87913.3,87177.5,87802.6,416.750638509967,25005
1766880000,87814.4,87998.9,87364.3,87853.3,659.2301120699452,24776
1766966400,87865.9,90298.9,86700.0,87135.1,2800.129272580618,66805
1767052800,87135.1,89298.0,86736.5,88401.9,1179.5498282598157,50854
1767139200,88400.1,89067.4,87101.5,87500.1,1496.3046062998733,51205
1767225600,87500.2,88779.3,87400.0,88731.8,1157.5634088299387,30709
1767312000,88730.0,90900.0,88273.3,89934.0,1901.8826811997938,69404
1767398400,89934.0,90677.5,89300.0,90590.1,1113.0103859599355,36169
1767484800,90590.1,91768.3,90590.0,91507.0,843.0837789599282,36243
1767571200,91507.0,94783.9,91489.5,93866.9,2070.652940980097,70820
1767657600,93866.9,94401.8,91230.8,93711.8,1922.1914389399908,64655
1767744000,93711.8,93712.5,90591.9,91273.3,1459.6493328799677,54362
1767830400,91273.3,91584.7,89225.0,91029.1,1420.7189383499795,56236
1767916800,91029.1,91955.9,89603.4,90513.2,1421.780181899777,55767
1768003200,90513.3,90699.7,90285.2,90375.2,321.48562470998587,22420
1768089600,90375.2,91132.3,90100.0,90849.8,530.879046279918,28579
1768176000,90861.1,92364.1,89995.2,91190.9,2284.2112600400606,60464
1768262400,91191.0,96476.1,90938.2,95358.1,2717.436746620195,72166
1768348800,95358.2,97899.7,94509.0,96933.3,3358.9649408809337,75046
1768435200,96933.4,97151.1,95101.0,95559.4,1870.71045173974,60044
1768521600,95559.5,95800.0,94260.4,95510.9,1432.87811290975,50358
1768608000,95510.3,95600.0,95002.6,95089.9,334.73351981999696,24047
1768694400,95089.9,95480.8,93554.6,93632.6,792.589796629951,27682
1768780800,93626.8,93626.8,91866.0,92546.5,1735.7943598298014,49740
1768867200,92546.5,92805.9,87784.4,88309.9,2628.222522620013,79549
1768953600,88309.9,91111.7,87200.0,89372.9,3765.1300297120792,90105
1769040000,89372.9,90261.7,88422.6,89454.2,1500.8504482497306,57433
1769126400,89454.2,91099.5,88470.9,89495.0,1485.490593129771,59936
1769212800,89495.0,89786.3,89038.1,89079.6,303.0129968799938,22602
1769299200,89079.6,89177.0,86007.0,86572.3,2608.9031807806455,58709
1769385600,86572.3,88747.4,86430.5,88247.4,2077.3059733298205,56017
1769472000,88247.4,89436.2,87206.2,89124.1,1473.5550029998433,49580
1769558400,89124.1,90438.3,88719.2,89159.6,1530.5955761797898,55108
1769644800,89159.7,89202.7,83220.3,84515.1,3560.0662651619627,97061
1769731200,84515.1,84596.4,81000.1,84124.7,3530.883875581195,103763
1769817600,84124.7,84124.7,75600.0,78648.4,5384.8306373304495,110483
1769904000,78648.4,79315.2,75665.8,76882.2,3709.2887343602665,69081
1769990400,76892.4,79250.0,74543.0,78669.2,3577.1620427208163,100333
1770076800,78669.2,79120.2,72865.2,75662.0,6511.585289021025,110875
1770163200,75662.0,76866.2,71722.0,73013.6,5077.1789466006,99607
1770249600,73008.9,73156.8,62308.2,62858.1,12178.163286494937,221728
1770336000,62858.0,71695.7,60500.0,70527.4,7947.795945761875,163709
1770422400,70527.4,71631.2,67343.8,69268.8,3089.778029790492,70942
1770508800,69249.9,72256.1,68855.4,70305.0,1952.3292355698377,50700
1770595200,70300.5,71369.9,68242.5,70087.2,3069.0339332704066,62647
1770681600,70103.9,70468.6,67875.1,68785.5,2629.7150870602336,61978
1770768000,68796.3,69228.6,65727.7,67052.3,3232.3091944701164,67163
1770854400,67039.6,68353.3,65072.2,66203.8,3093.305659909951,54321
1770940800,66208.5,69437.4,65825.8,68837.0,2236.6175417799177,59501
1771027200,68820.1,70540.0,68709.7,69758.4,2083.685714569945,41266
1771113600,69777.8,70935.2,68049.8,68780.0,1337.8559801699344,39436
1771200000,68780.0,70073.2,67271.1,68860.0,1823.8505682999214,40680
1771286400,68860.0,69191.0,66592.4,67475.4,2425.064627470023,46109
1771372800,67475.4,68418.9,65838.5,66425.7,2104.3613063999655,44962
1771459200,66425.7,67296.2,65620.1,66955.3,1822.7396409998642,50126
1771545600,66955.3,68266.3,66450.0,67998.2,2693.1101302200886,59678
1771632000,67998.2,68678.8,67538.0,67966.6,1234.385065439972,30035
1771718400,67966.7,68214.5,67180.0,67612.1,1136.4248670099494,28800
1771804800,67612.1,67653.3,63888.0,64624.1,3467.933765530358,76148
1771891200,64624.1,64971.0,62500.0,64061.9,2664.9296901103344,68076
1771977600,64062.0,70000.0,63921.3,67978.6,3343.991231880415,77458
1772064000,67978.6,68855.4,66513.0,67461.5,2028.8109676398292,63692
1772150400,67484.2,68202.3,64925.0,65869.7,2390.839955390124,67031
1772236800,65869.7,67725.2,63030.0,66985.6,3124.0291991305744,80255
1772323200,66985.7,68181.2,65056.4,65748.8,2173.002476969788,73551
1772409600,65764.3,70100.0,65269.2,68808.4,3242.046046941277,93337
1772496000,68810.8,69236.5,66164.3,68336.7,2941.9613343004753,86976
1772582400,68336.7,74062.1,67419.7,72684.8,4884.24293756179,114022
1772668800,72684.8,73585.9,70612.7,70877.4,3526.5383554507357,85359
1772755200,70877.4,71386.4,67748.0,68128.0,3227.198053290754,80339
1772841600,68111.4,68541.5,66962.1,67270.1,1278.0009372298812,40531
1772928000,67270.1,68177.4,65646.2,65978.7,2434.3320449401167,54995
1773014400,65978.7,69513.0,65839.6,68446.9,2268.823642360114,75288
1773100800,68447.0,71781.1,68399.9,69955.4,3264.289102050842,77848
1773187200,69955.4,71345.2,68971.6,70200.4,2574.2826022701533,65186
1773273600,70200.4,70787.1,69228.2,70520.8,1860.653793549728,54497
1773360000,70526.3,73928.5,70200.0,70953.0,3864.9738726305654,77741
1773446400,70953.1,71300.0,70293.9,71210.6,574.112459019913,32538
1773532800,71210.6,73200.0,70885.7,72835.7,1109.9982589798558,40852
1773619200,72826.7,74901.3,72304.0,74887.7,3388.453078470472,76038
1773705600,74887.7,75998.1,73455.9,73929.9,2902.673722530353,66356
1773792000,73930.0,74682.3,70500.0,71270.9,2889.8154930403284,67068
1773878400,71270.9,71623.9,68782.0,69911.9,2809.931455390131,64423
1773964800,69916.6,71340.6,69400.0,70515.6,1865.1404311197716,56755
1774051200,70515.6,71071.7,68538.3,68907.7,938.6595474399184,29737
1774137600,68907.7,69569.5,67343.1,67857.1,1438.3285254298437,48641
1774224000,67857.1,71816.6,67443.2,70887.2,2852.649796310192,72531
1774310400,70887.2,71369.0,68902.0,70515.6,2158.4560818898517,58863
1774396800,70515.6,71985.0,70374.0,71309.6,1615.7217876798084,54706
1774483200,71302.2,71406.2,68115.8,68780.4,2565.936909160046,60886
1774569600,68780.4,69112.0,65519.7,66358.3,2925.5801813199987,62960
1774656000,66360.4,67237.8,65889.0,66321.7,1188.3084569798884,37762
1774742400,66321.8,67066.2,64960.0,65950.3,1510.0508382398764,40486
1774828800,65950.4,68105.1,65733.2,66725.0,2721.496249729799,54089
1774915200,66725.0,68500.0,65939.0,68219.7,2941.580559090407,60710
1775001600,68219.7,69250.0,67546.2,68098.5,1845.1649007597273,59549
1775088000,68098.5,68632.7,65688.2,66880.8,2041.7388329597675,59549
1775174400,66885.7,67369.0,66288.0,66933.0,1402.9644334298714,39020
1775260800,66932.9,67534.0,66790.0,67283.8,850.4952616899418,25428
1775347200,67283.8,69098.9,66618.0,68983.7,1129.3654184799268,33690
1775433600,68983.8,70463.7,68350.0,68861.4,2039.1743278697768,52179
1775520000,68861.3,72728.0,67734.9,71925.0,2176.3795927598135,64261
1775606400,71925.0,72850.0,70703.0,71109.0,1764.6254890898383,61588
1775692800,71090.2,73130.5,70465.1,71803.5,1623.2338504397815,58002
1775779200,71803.5,73455.0,71429.8,72973.8,1873.5097321798758,53503
1775865600,72973.8,73800.0,72578.8,73060.6,1073.008485529906,38809
1775952000,73060.6,73150.0,70517.7,70754.1,1417.8348926699189,45748
1776038400,70754.1,74966.2,70595.6,74441.7,2194.4289580198974,67604
1776124800,74441.2,76088.3,73858.9,74171.4,3104.765040590163,72128
1776211200,74171.4,75438.8,73558.1,74810.1,1995.3943900598028,62720
1776297600,74810.1,75500.0,73310.6,75162.9,2462.9821482300545,62954
1776384000,75162.9,78343.6,74569.8,77117.4,2994.9939086904037,73639
1776470400,77117.4,77432.1,75500.0,75728.8,873.6295391799295,43830
1776556800,75728.8,76274.6,73809.7,73827.6,1154.3217677599253,43366
1776643200,73827.6,76588.0,73637.3,75848.3,1806.2425692398342,55950
1776729600,75848.3,77169.6,74850.0,76351.9,2016.424956239884,55151
1776816000,76350.3,79490.7,76151.3,78204.0,2385.0765328599286,65343
1776902400,78204.0,78690.1,76984.3,78283.6,1348.2712502398776,50456
1776988800,78283.1,78580.7,77282.6,77455.0,1515.5281620398864,46929
1777075200,77455.0,77876.3,77145.3,77648.5,464.66865148998306,25041
1777161600,77648.5,78964.8,77356.2,78653.8,726.3749516299397,32971
1777248000,78653.8,79481.2,76480.4,77374.7,2180.499162819921,54128
1777334400,77374.7,77799.0,75652.1,76331.9,1632.8883913499042,46268
1777420800,76331.9,77888.0,74940.0,75750.3,1865.5271537998951,54718
1777507200,75752.7,76634.1,75290.9,76313.0,1029.7381774399228,43259
1777593600,76312.9,78900.0,76284.2,78235.3,1781.3323163098698,51739
1777680000,78235.3,79140.0,78045.0,78660.0,772.4480454999682,27360
1777766400,78660.0,79400.0,78078.7,78547.4,925.8455740799319,31631
1777852800,78547.4,80770.7,78209.2,79843.7,2899.884461380049,68669
1777939200,79843.8,81765.8,79808.0,80900.8,2055.143214459938,48300
1778025600,80900.1,82790.9,80728.1,81438.0,2205.629082870079,60685
1778112000,81438.0,81705.0,79368.7,80011.5,1605.2648046699228,56504
1778198400,80011.5,80465.8,79168.1,80196.9,1280.4083387999044,51767
1778284800,80196.9,81050.0,80124.0,80670.1,762.8063884699529,31978
1778371200,80670.1,82436.6,80301.0,82171.8,1744.1546663799425,44481
1778457600,82171.9,82345.1,80421.5,81730.5,1924.1473560699235,51346
1778544000,81730.6,81760.4,79844.4,80492.3,1357.6766098399441,46047
1778630400,80492.4,81277.0,78720.9,79292.1,1610.027223359922,51777
1778716800,79292.1,82017.4,78901.6,81070.1,2233.9717444200014,55511
1778803200,81070.1,81646.5,78620.0,79062.5,1689.2072500699007,55828
1778889600,79062.6,79175.0,77624.4,78122.8,1218.8877481299035,38255
1778976000,78122.9,78579.1,76642.3,77410.0,1099.4363319299146,38628
1779062400,77410.1,77745.5,76020.8,76946.5,2170.5647474299362,63231
1779148800,76946.4,77336.2,76093.6,76756.3,2344.2935630300426,48201
1779235200,76756.3,77750.0,76459.6,77479.4,1295.090795889862,48705
1779321600,77477.5,78100.0,76652.5,77549.7,1290.6770034098513,46971
1779408000,77549.8,77809.9,75288.0,75456.5,1503.4438455198876,51748
1779494400,75456.6,77308.2,74209.4,76670.1,1857.3178898298765,49625
1779580800,76670.1,77421.2,76020.5,76984.9,1090.228507399906,36184
1779667200,76980.7,77809.9,76833.8,77265.9,876.4068901999318,35623
1779753600,77265.9,77989.3,75555.3,75824.0,2237.164295739958,52848
1779840000,75827.7,76041.7,74121.0,74337.1,1593.4427987698932,48223
1779926400,74337.0,74467.1,72470.0,73515.7,2818.745165910231,68369
1780012800,73516.5,74200.0,72362.8,73370.7,1633.661348449871,61116
1780099200,73370.7,74004.4,73131.0,73753.7,606.0966227699647,33120
1780185600,73778.8,74161.0,73272.9,73570.0,438.5244739899663,31674
1780272000,73569.9,73960.0,70581.5,71317.5,2307.8313276199674,73716
1780358400,71315.5,71315.5,66111.8,66669.7,4728.616360120556,106261
1780444800,66669.7,67420.0,64000.0,64035.8,3778.1445893802943,110180
1780531200,64036.1,64686.1,61255.9,63814.0,6745.4959193215755,136369
1780617600,63811.1,63905.3,59070.6,61037.9,8748.446882201937,134925
1780704000,61038.3,61496.2,59493.5,60855.7,1841.8720453797825,67887
1780790400,60858.0,64613.0,60714.4,63307.6,2781.573628739938,69832
1780876800,63305.6,64189.0,62388.2,63076.4,1837.8429576298054,66088
1780963200,63068.5,63467.9,60740.9,61690.4,3294.5741371602153,65438
1781049600,61688.1,62800.0,60746.8,61464.4,2863.413498460197,63681
1781136000,61459.1,63845.9,61459.0,63552.3,1801.9699925697537,61795
1781222400,63553.7,64333.0,62765.3,63543.2,1577.3945969598185,55712
1781308800,63543.3,64750.0,63418.5,64404.0,782.314464359929,33209
1781395200,64415.6,65750.0,63643.3,65715.1,1447.742050339887,41621
1781481600,65715.1,67263.5,65321.7,66284.3,2571.3695768601547,63401
1781568000,66284.3,66922.4,65289.8,65609.5,1910.3381357898202,51031
1781654400,65609.6,66370.9,63866.5,64454.8,2485.037966010017,59619
1781740800,64452.0,64740.9,62187.0,62885.6,2147.4843269398903,55883
1781827200,62885.7,63590.9,62236.1,63486.4,1647.7911088198978,43379
1781913600,63486.3,64336.4,63141.3,64250.1,847.3024585899226,32078
1782000000,64250.1,64493.6,63214.0,63234.0,1086.9397778398954,33689
1782086400,63234.0,65542.1,63234.0,63953.6,2098.682716489869,48237
1782172800,63953.6,64200.0,61881.1,62650.3,2531.1455571600527,52536
1782259200,62650.3,63138.7,59001.0,60980.8,4422.3886538704455,76040
1782345600,60984.3,61858.8,58033.0,59707.1,4068.9338763104997,76243
1782432000,59721.1,60666.0,58265.0,60009.2,3463.576673730173,69226
1782518400,60013.1,60856.3,59763.1,59941.5,1015.4725091898738,41468
1782604800,59941.5,60441.1,58832.8,59489.5,1025.9727746298888,39558
1782691200,59488.9,60687.0,58818.6,60157.3,2317.2663000799557,56838
1782777600,60169.7,60172.5,58100.0,58531.9,3506.3190925602994,57292
